<?xml version="1.0"?>
<doc>
    <assembly>
        <name>TimeSheetTracker.Api</name>
    </assembly>
    <members>
        <member name="T:TimeSheetTracker.Api.Controllers.AccountingController">
            <summary>
            
            </summary>
        </member>
        <member name="M:TimeSheetTracker.Api.Controllers.AccountingController.#ctor(FrameworkBase.DataAccess.IDbSession)">
            <summary>
            
            </summary>
            <param name="dbSession"></param>
        </member>
        <member name="M:TimeSheetTracker.Api.Controllers.AccountingController.Search(System.String)">
            <summary>
            
            </summary>
            <param name="periodCode"></param>
            <returns></returns>
        </member>
        <member name="T:TimeSheetTracker.Api.Controllers.ApiControllerBase`1">
             <summary>
            
             </summary>
             <typeparam name="T"></typeparam>
        </member>
        <member name="F:TimeSheetTracker.Api.Controllers.ApiControllerBase`1._dbSession">
             <summary>
            
             </summary>
        </member>
        <member name="M:TimeSheetTracker.Api.Controllers.ApiControllerBase`1.#ctor">
             <summary>
            
             </summary>
        </member>
        <member name="M:TimeSheetTracker.Api.Controllers.ApiControllerBase`1.#ctor(`0)">
             <summary>
            
             </summary>
             <param name="dbSession"></param>
        </member>
        <member name="T:TimeSheetTracker.Api.Controllers.EmailTemplateController">
             <summary>
            
             </summary>
        </member>
        <member name="M:TimeSheetTracker.Api.Controllers.EmailTemplateController.#ctor(FrameworkBase.DataAccess.IDbSession)">
             <summary>
            
             </summary>
             <param name="dbSession"></param>
        </member>
        <member name="M:TimeSheetTracker.Api.Controllers.EmailTemplateController.Search">
             <summary>
            
             </summary>
             <returns></returns>
        </member>
        <member name="M:TimeSheetTracker.Api.Controllers.EmployeeActivityMapController.Get(System.Int32)">
            <summary>
            
            </summary>
            <param name="Id"></param>
            <returns></returns>
        </member>
        <member name="M:TimeSheetTracker.Api.Controllers.EmployeeActivityMapController.Search(EVO.TimesheetPortal.Entity.EmployeeActivityMap)">
            <summary>
            
            </summary>
            <param name="searchEntity"></param>
            <returns></returns>
        </member>
        <member name="M:TimeSheetTracker.Api.Controllers.EmployeeActivityMapController.GetAll">
            <summary>
            
            </summary>
            <returns></returns>
        </member>
        <member name="M:TimeSheetTracker.Api.Controllers.EmployeeActivityMapController.Delete(System.Int32)">
            <summary>
            
            </summary>
            <param name="Id"></param>
            <returns></returns>
        </member>
        <member name="M:TimeSheetTracker.Api.Controllers.EmployeeActivityMapController.Update(EVO.TimesheetPortal.Entity.EmployeeActivityMap)">
            <summary>
            
            </summary>
            <param name="entity"></param>
            <returns></returns>
        </member>
        <member name="M:TimeSheetTracker.Api.Controllers.EmployeeActivityMapController.Insert(EVO.TimesheetPortal.Entity.EmployeeActivityMap)">
            <summary>
            
            </summary>
            <param name="entity"></param>
            <returns></returns>
        </member>
        <member name="T:TimeSheetTracker.Api.Controllers.EmployeeController">
            <summary>
            
            </summary>
        </member>
        <member name="M:TimeSheetTracker.Api.Controllers.EmployeeController.#ctor(FrameworkBase.DataAccess.IDbSession)">
            <summary>
            
            </summary>
            <param name="dbSession"></param>
        </member>
        <member name="M:TimeSheetTracker.Api.Controllers.EmployeeController.Get(System.Int32)">
            <summary>
            
            </summary>
            <param name="Id"></param>
            <returns></returns>
        </member>
        <member name="M:TimeSheetTracker.Api.Controllers.EmployeeController.Search(EVO.TimesheetPortal.Entity.Employee)">
            <summary>
            
            </summary>
            <param name="searchEntity"></param>
            <returns></returns>
        </member>
        <member name="M:TimeSheetTracker.Api.Controllers.EmployeeController.GetAll">
            <summary>
            
            </summary>
            <returns></returns>
        </member>
        <member name="M:TimeSheetTracker.Api.Controllers.EmployeeController.Delete(System.Int32,System.String)">
            <summary>
            
            </summary>
            <param name="Id"></param>
            <returns></returns>
        </member>
        <member name="M:TimeSheetTracker.Api.Controllers.EmployeeController.Update(EVO.TimesheetPortal.Entity.Employee)">
            <summary>
            
            </summary>
            <param name="entity"></param>
            <returns></returns>
        </member>
        <member name="M:TimeSheetTracker.Api.Controllers.EmployeeController.Insert(EVO.TimesheetPortal.Entity.Employee)">
            <summary>
            
            </summary>
            <param name="entity"></param>
            <returns></returns>
        </member>
        <member name="T:TimeSheetTracker.Api.Controllers.ProjectController">
             <summary>
            
             </summary>
        </member>
        <member name="M:TimeSheetTracker.Api.Controllers.ProjectController.#ctor(FrameworkBase.DataAccess.IDbSession)">
             <summary>
            
             </summary>
             <param name="dbSession"></param>
        </member>
        <member name="M:TimeSheetTracker.Api.Controllers.ProjectController.Get(System.Int32)">
             <summary>
            
             </summary>
             <returns></returns>
        </member>
        <member name="M:TimeSheetTracker.Api.Controllers.ProjectController.Search(EVO.TimesheetPortal.Entity.Project)">
             <summary>
            
             </summary>
             <param name="searchEntity"></param>
             <returns></returns>
        </member>
        <member name="M:TimeSheetTracker.Api.Controllers.ProjectController.Delete(System.Int32)">
             <summary>
            
             </summary>
             <param name="Id"></param>
             <returns></returns>
        </member>
        <member name="M:TimeSheetTracker.Api.Controllers.ProjectController.Save(EVO.TimesheetPortal.Entity.Project)">
             <summary>
            
             </summary>
             <param name="entity"></param>
             <returns></returns>
        </member>
        <member name="M:TimeSheetTracker.Api.Controllers.ProjectController.UpdateStatus(EVO.TimesheetPortal.Entity.WorkflowHistory)">
             <summary>
            
             </summary>
             <param name="entity"></param>
             <returns></returns>
        </member>
        <member name="T:TimeSheetTracker.Api.Controllers.SettingController">
             <summary>
            
             </summary>
        </member>
        <member name="M:TimeSheetTracker.Api.Controllers.SettingController.#ctor(FrameworkBase.DataAccess.IDbSession)">
             <summary>
            
             </summary>
             <param name="dbSession"></param>
        </member>
        <member name="M:TimeSheetTracker.Api.Controllers.SettingController.GetSetting(System.Int32)">
             <summary>
            
             </summary>
             <returns></returns>
        </member>
        <member name="M:TimeSheetTracker.Api.Controllers.SettingController.Search(EVO.TimesheetPortal.Entity.Setting)">
             <summary>
            
             </summary>
             <param name="setting"></param>
             <returns></returns>
        </member>
        <member name="M:TimeSheetTracker.Api.Controllers.SettingController.Delete(System.Int32)">
             <summary>
            
             </summary>
             <param name="Id"></param>
             <returns></returns>
        </member>
        <member name="M:TimeSheetTracker.Api.Controllers.SettingController.Save(EVO.TimesheetPortal.Entity.Setting)">
             <summary>
            
             </summary>
             <param name="setting"></param>
             <returns></returns>
        </member>
        <member name="M:TimeSheetTracker.Api.Controllers.TimesheetActivityController.GetDaily(System.Int32,System.DateTime)">
            <summary>
            get daily timesheet data of an employee at certain day.
            </summary>
            <param name="employeeId"></param>
            <param name="activityDate"></param>
            <returns></returns>
        </member>
        <member name="M:TimeSheetTracker.Api.Controllers.TimesheetActivityController.Get(System.Int32)">
             <summary>
            
             </summary>
             <returns></returns>
        </member>
        <member name="M:TimeSheetTracker.Api.Controllers.TimesheetActivityController.Search(EVO.TimesheetPortal.Entity.TimesheetActivity)">
             <summary>
            
             </summary>
             <param name="searchEntity"></param>
             <returns></returns>
        </member>
        <member name="M:TimeSheetTracker.Api.Controllers.TimesheetActivityController.GetMonthly(System.Int32,System.DateTime,System.DateTime)">
             <summary>
            
             </summary>
             <param name="searchEntity"></param>
             <returns></returns>
        </member>
        <member name="M:TimeSheetTracker.Api.Controllers.TimesheetActivityController.Delete(System.Int32)">
             <summary>
            
             </summary>
             <param name="Id"></param>
             <returns></returns>
        </member>
        <member name="M:TimeSheetTracker.Api.Controllers.TimesheetActivityController.Save(EVO.TimesheetPortal.Entity.TimesheetActivity)">
             <summary>
            
             </summary>
             <param name="entity"></param>
             <returns></returns>
        </member>
        <member name="T:TimeSheetTracker.Api.Controllers.TimesheetPeriodController">
             <summary>
            
             </summary>
        </member>
        <member name="M:TimeSheetTracker.Api.Controllers.TimesheetPeriodController.#ctor(FrameworkBase.DataAccess.IDbSession)">
             <summary>
            
             </summary>
             <param name="dbSession"></param>
        </member>
        <member name="M:TimeSheetTracker.Api.Controllers.TimesheetPeriodController.Insert">
             <summary>
            
             </summary>
             <returns></returns>
        </member>
        <member name="T:TimeSheetTracker.Api.Infrastructure.Filters.HttpGlobalExceptionFilter">
            <summary>
            
            </summary>
        </member>
        <member name="M:TimeSheetTracker.Api.Infrastructure.Filters.HttpGlobalExceptionFilter.#ctor(Microsoft.AspNetCore.Hosting.IWebHostEnvironment,Microsoft.Extensions.Logging.ILogger{TimeSheetTracker.Api.Infrastructure.Filters.HttpGlobalExceptionFilter})">
            <summary>
            
            </summary>
            <param name="env"></param>
            <param name="logger"></param>
        </member>
        <member name="M:TimeSheetTracker.Api.Infrastructure.Filters.HttpGlobalExceptionFilter.OnException(Microsoft.AspNetCore.Mvc.Filters.ExceptionContext)">
            <summary>
            
            </summary>
            <param name="context"></param>
        </member>
        <member name="T:TimeSheetTracker.Api.Infrastructure.Settings.ApiKeySettings">
            <summary>
            
            </summary>
        </member>
        <member name="P:TimeSheetTracker.Api.Infrastructure.Settings.ApiKeySettings.SecretKey">
            <summary>
            
            </summary>
        </member>
        <member name="T:TimeSheetTracker.Api.Program">
            <summary>
            
            </summary>
        </member>
        <member name="M:TimeSheetTracker.Api.Program.Main(System.String[])">
            <summary>
            
            </summary>
            <param name="args"></param>
            <returns></returns>
        </member>
        <member name="M:TimeSheetTracker.Api.Program.CreateWebHostBuilder(System.String[])">
            <summary>
            
            </summary>
            <param name="args"></param>
            <returns></returns>
        </member>
        <member name="T:TimeSheetTracker.Api.Startup">
            <summary>
            /
            </summary>
        </member>
        <member name="M:TimeSheetTracker.Api.Startup.#ctor(Microsoft.Extensions.Configuration.IConfiguration)">
             <summary>
            
             </summary>
             <param name="configuration"></param>
        </member>
        <member name="M:TimeSheetTracker.Api.Startup.ConfigureServices(Microsoft.Extensions.DependencyInjection.IServiceCollection)">
             <summary>
            
             </summary>
             <param name="services"></param>
        </member>
        <member name="M:TimeSheetTracker.Api.Startup.Configure(Microsoft.AspNetCore.Builder.IApplicationBuilder,Microsoft.AspNetCore.Hosting.IWebHostEnvironment)">
             <summary>
            
             </summary>
             <param name="app"></param>
             <param name="env"></param>
        </member>
        <member name="T:HappyCode.NetCoreBoilerplate.Api.Infrastructure.Registrations.SwaggerRegistration">
            <summary>
            
            </summary>
        </member>
        <member name="M:HappyCode.NetCoreBoilerplate.Api.Infrastructure.Registrations.SwaggerRegistration.AddSwagger(Microsoft.Extensions.DependencyInjection.IServiceCollection,Microsoft.Extensions.Configuration.IConfiguration)">
            <summary>
            
            </summary>
            <param name="services"></param>
            <param name="configuration"></param>
        </member>
    </members>
</doc>
