﻿<?xml version="1.0" encoding="utf-8" ?>
<!--
PCHEN 20180816 Created based on SupportingDocumentation.xml
This XML file defines the list of Routing Package Supporting Documents 
that is used by control\SupportingDocument.ascx

Note: When Type!="" (file uploading, not link)
  Value => "Multiple" 
-->
<ArrayOfSetting>
  <Setting Name="Qual Status/Performance Review - Prime Vetting"
           Value="~/Hardbid/HBVetting_Manager_Final_Review.aspx?Id={projectId}&amp;bid={bidderId}&amp;readonly=true" />
  <Setting Name="Qual Status/Performance Review - Wicks Subs Vetting"
           Value="~/Subcontractor/Subcontractor_List2.aspx?ProjectId={projectId}&amp;readonly=true" />
  <Setting Name="Qual Status/Performance Review - Financials (signed and approved)"
           Value="~/Hardbid/HBVetting_Financial_Manager_Review.aspx?Id={projectId}&amp;bid={bidderId}&amp;readonly=true" />
  <Setting Name="Qual Status/Performance Review - Bid Bond Review Checklist / Bid Bond"
           Value="~/Hardbid/HBVetting_Bond_Bid_Manager_Review.aspx?Id={projectId}&amp;bid={bidderId}&amp;readonly=true"  />
  <Setting Name="Bond File"
           Type="Bidder_BondFile" Value="Multiple"  />
  <Setting Name="Bid Tabulation"
           Value="~/Hardbid/HBCS_Bid_Results.aspx?Id={projectId}&amp;readonly=true"  />
  <Setting Name="Recommendation to Proceed"
           Type="RecommendProceed"  />
  <Setting Name="Limited List"
           Value="~/Rfd/Project_History.aspx?Id={RfdProjectId}"  />
  <Setting Name="Summary of Work (Spec Section 01010)"          
           Type="S01010"  />
  <Setting Name="Performance and Payment Bond Review"           
           Type="Bidder_PerformanceBond"  />
  <Setting Name="Wrap-Up Transmittal (or certificate if available)"           
           Type="Bidder_WrapUp"  />
  <Setting Name="Low Bidder's Letter Declining to Extend Bid"           
           Type="Bidder_DeclineToBid"  />
  <Setting Name="Low Bidder Reject Memo to File"
           Type="Bidder_BidderRejectMemo"  />
  <Setting Name="Letter to Low Bidder Rejecting Bid"
           Type="Bidder_BidderRejectLetter"  />
  <Setting Name="Low Bidder's Request to Withdraw Bid"
           Type="Bidder_WithdrawRequest"  />
  <Setting Name="Bid Withdrawal Approval Memo"
           Type="Bidder_WithdrawApproveMemo"  />
  <Setting Name="SCA Letter to Low Bidder allowing Bid Withdrawal"
           Type="Bidder_WithdrawApproveLetter"  />
  <Setting Name="Withdrawal Letter from SCA to Contractor"
           Type="Bidder_WithdrawLetter"  />
  <Setting Name="PLA letter of Assent Election/Declination"
           Type="Bidder_SignedPLA"  />
  <Setting Name="Construction Contract"
           Type="Bidder_RoutingContractAgreement"  />
  <Setting Name="Unit Price Schedule"
           Type="Bidder_UnitPriceSchedule" />
    <Setting Name="Unit Price Schedule BAFO"
           Type="BAFO_Bidder_Attachments" Value="Multiple" />
  <Setting Name="BAFO"
           Value="~/Hardbid/HBBidderBAFO.aspx?Id={projectId}&amp;bid={bidderId}&amp;readonly=true"  />
  <Setting Name="Invitation to Bid Letter"           
           Value="~/Rfc/Common/DownloadFileViaProjectProperty.ashx?id={projectId}&amp;propertyId=104" />
  <Setting Name="Justificaion Memo"
           Value="~/Hardbid/jm_View.aspx?Id={projectId}"  />
  <Setting Name="Pre-Award Meeting Memo" Type="Project_PreAwardMeet" />
  <Setting Name="Phasing Exhibit" Type="Exhibit" Value="Multiple" />
  <Setting Name="Notice of Intent to Award Letter" Type="NoticeIntent"  />
  <Setting Name="Information for Bidders" Type="Project_Infomration" />
  <Setting Name="Summary/Additional Info" Type="bidder_SummaryAddLInfo" Value="Multiple"/>
  <!--<Setting Name="Justification Memo" Value="~/Rfc/DownloadPackage.aspx?Id={packageId}" Description="01 - Justification Memo" />-->
</ArrayOfSetting>
