<?xml version="1.0" encoding="utf-8" ?>
<!--
PCHEN 20180816 Copy to SCA.VAS.Internal\Rfc\Data\RoutingPackageSupportingDocs
This XML file is to be removed from project
PCHEN 20181022 New file Rfc.BidderDoc.SolicitationPackage
XXXX * This file is obsoleted * XXXX
-->
<ArrayOfSetting>
  <Setting Name="Form of Bid Bond (B-1 to B-5)" Value="Bidder_BidBond" />
  <Setting Name="Form of Performance Bond (B-6 to B-11)" Value="Bidder_PerformanceBond" />
  <Setting Name="Form of Labor and Material Payment Bond (B-12 to B-17)" Value="Bidder_LaborPaymentBond" />
  <Setting Name="Bidder's Line of Credit/Construction Backlog Summary (LCCB-1)" Value="Bidder_BidderBacklog" />
  <Setting Name="Amendment 'A' (Apprenticeship Questionnaire: AA-1 to AA-4)" Value="Bidder_SolicitAmmendmentA" />
  <Setting Name="Bidder's Request for Subcontractor Approval Form (RS-1)" Value="Bidder_SolicitSAFRequest" />
  <Setting Name="Appendix 'A' to IFB (EEO Provisions: EO-1 to EO-22)" Value="Bidder_SolicitAppendixA" />
  <Setting Name="Request for Contractor Insurance Information (RI-1 to RI-8)" Value="Bidder_SolicitInsuranceRequest" />
  <Setting Name="P &amp; P Bonds Approval" Value="Bidder_SolicitPPBondsApproval" />
  <Setting Name="Signed PLA Affidavit (if required)" Value="Bidder_SolicitSignedPLA" />
  <Setting Name="Subcontractor PLA Affidavit" Value="Bidder_SolicitSubcontractorPLA" />
</ArrayOfSetting>