﻿<?xml version="1.0" encoding="utf-8" ?>
<!--
PCHEN 20181016 Based on Rfc.SolicitationDocuments.xml. Used by the new Bidder_Documentation.aspx
Note: When Type!="" (for file uploading, not link)
  Description => "Multiple" 
-->
<ArrayOfSetting>
  <Setting Name="Form of Bid Bond (B-1 to B-5)" Type="Bidder_BidBond" />
  <Setting Name="Form of Performance Bond (B-6 to B-11)" Type="Bidder_PerformanceBond" />
  <Setting Name="Form of Labor and Material Payment Bond (B-12 to B-17)" Type="Bidder_LaborPaymentBond" />
  <Setting Name="Bidder's Line of Credit/Construction Backlog Summary (LCCB-1)" Type="Bidder_BidderBacklog" />
  <Setting Name="Amendment 'A' (Apprenticeship Questionnaire: AA-1 to AA-4)" Type="Bidder_SolicitAmmendmentA" />
  <Setting Name="Bidder's Request for Subcontractor Approval Form (RS-1)" Type="Bidder_SolicitSAFRequest" />
  <Setting Name="Appendix 'A' to IFB (EEO Provisions: EO-1 to EO-22)" Type="Bidder_SolicitAppendixA" />
  <Setting Name="Request for Contractor Insurance Information (RI-1 to RI-8)" Type="Bidder_SolicitInsuranceRequest" />
  <Setting Name="P &amp; P Bonds Approval" Type="Bidder_SolicitPPBondsApproval" />
  <Setting Name="Signed PLA Affidavit (if required)" Type="Bidder_SolicitSignedPLA" />
  <Setting Name="Subcontractor PLA Affidavit" Type="Bidder_SolicitSubcontractorPLA" />
</ArrayOfSetting>
