﻿<?xml version="1.0" encoding="utf-8" ?>
<!--
PCHEN 20181030 SoftCost Factors.
Used to store multipliers for Project Award Financial calculation
-->
<ArrayOfSetting>
  <Setting Name="PTS Full Soft Cost" Type="Capacity" Value="1.385" />
  <Setting Name="PTS Full Soft Cost" Type="Capacity_Leased" Value="1.385" />
  <Setting Name="PTS Full Soft Cost" Type="CIP_1M" Value="1.575" Description="CIP less than $1 Mil" />
  <Setting Name="PTS Full Soft Cost" Type="CIP_1MPlus" Value="1.27" Description="CIP more than $1 Mil" />
  <Setting Name="PTS Full Soft Cost" Type="ResoA" Value="1.25" />
  <Setting Name="Oracle External" Type="Capacity" Value="1.3075" />
  <Setting Name="Oracle External" Type="Capacity_Leased" Value="1.3075" />
  <Setting Name="Oracle External" Type="CIP_1M" Value="1.415" Description="CIP lese than $1 Mil" />
  <Setting Name="Oracle External" Type="CIP_1MPlus" Value="1.2075" Description="CIP more than $1 Mil" />
  <Setting Name="Oracle External" Type="ResoA" Value="1.25" />
</ArrayOfSetting>