<?xml version="1.0" encoding="utf-8" ?>
<!--
PCHEN 20180816 Copy from SCA.VAS.WorkFlow.Data.ProjectDocument
This XML file defines the list of Documents displayed in 'control\Project_Documentation.ascx'

Note: When Type!="" (for file uploading, not link)
  Description => "Multiple" 
-->
<ArrayOfSetting>
  <Setting Name="Specification Section 1010" Type="S01010" />
  <Setting Name="Specification Section 1500" Type="S01500" />
  <Setting Name="Specification Section 1900" Type="S01900" />
  <Setting Name="A&amp;E Estimate" Type="EstIncluded" />
  <Setting Name="Principal Letter" Type="Principal" />
  <Setting Name="Below Estimate" Type="BelowEstimate" />
  <!--
  <Setting Name="Phasing Exhibit" Type="Exhibit" Description=".doc,.docx" Value="Multiple" />
  <Setting Name="Other Document" Type="Other" Value="Multiple" /> -->
  
  <!--<Setting Name="Funding Memo" Type="FundingMemo" />
  <Setting Name="P &amp; P Bonds Approval" Type="PPBondsApproval" />
  <Setting Name="Signed PLA Affidavit (if required)" Type="SignedPLA" />
  <Setting Name="Subcontractor PLA Affidavit" Type="SubcontractorPLA" />-->
</ArrayOfSetting>