﻿<?xml version="1.0" encoding="utf-8" ?>
<!--
PCHEN 20180816 Created based on SupportingDocumentation.xml
This XML file defines the list of Routing Package Supporting Documents 
that is used by control\SupportingDocument.ascx

Note: When Type!="" (file uploading, not link)
  Value => "Multiple" 
-->
<ArrayOfSetting>
  <Setting Name="Qual Status/Performance Review - Prime Vetting"
           Value="~/Rfc/Vetting_manager_final_review.aspx?Id={projectId}&amp;readonly=true" />
  <Setting Name="Qual Status/Performance Review - Wicks Subs Vetting"
           Value="~/Subcontractor/Subcontractor_List2.aspx?ProjectId={projectId}&amp;readonly=true" />
  <Setting Name="Qual Status/Performance Review - Financials (signed and approved)"
           Value="~/Rfc/Vetting_bond_financial_review.aspx?Id={projectId}&amp;readonly=true" />
  <Setting Name="Qual Status/Performance Review - Bid Bond Review Checklist / Bid Bond"
           Value="~/Rfc/Vetting_bond_bid_review.aspx?Id={projectId}&amp;readonly=true"  />
  <Setting Name="Bond File"
           Type="Bidder_BondFile" Value="Multiple"  />
  <Setting Name="Bid Tabulation"
           Value="~/Rfc/CS_Bid_Results.aspx?Id={projectId}&amp;readonly=true"  />
  <Setting Name="Contractor Bid Breakdown"
           Type ="Breakdown" Value="Multiple"  />
  <Setting Name="Bid Analysis"
           Value="~/Rfc/CS_Breakdown_Analysis.aspx?Id={projectId}&amp;readonly=true"  />
  <Setting Name="Funding Approval Documentation"
           Type="FundingMemo"  />
  <Setting Name="Limited List"
           Value="~/Rfd/Project_History.aspx?Id={RfdProjectId}"  />
  <Setting Name="Summary of Work (Spec Section 01010)"          
           Type="S01010"  />
  <Setting Name="Apprenticeship Program Approval Memo"           
           Type="Bidder_ApprentApproveMemo"  />
  <Setting Name="Performance and Payment Bond Review"           
           Type="Bidder_PerformanceBond"  />
  <Setting Name="Wrap-Up Transmittal (or certificate if available)"           
           Type="Bidder_WrapUp"  />
  <Setting Name="Low Bidder's Letter Declining to Extend Bid"           
           Type="Bidder_DeclineToBid"  />
  <Setting Name="Low Bidder Reject Memo to File"
           Type="Bidder_BidderRejectMemo"  />
  <Setting Name="Letter to Low Bidder Rejecting Bid"
           Type="Bidder_BidderRejectLetter"  />
  <Setting Name="Low Bidder's Request to Withdraw Bid"
           Type="Bidder_WithdrawRequest"  />
  <Setting Name="Bid Withdrawal Approval Memo"
           Type="Bidder_WithdrawApproveMemo"  />
  <Setting Name="SCA Letter to Low Bidder allowing Bid Withdrawal"
           Type="Bidder_WithdrawApproveLetter"  />
  <Setting Name="Withdrawal Letter from SCA to Contractor"
           Type="Bidder_WithdrawLetter"  />
  <Setting Name="PLA letter of Assent Election/Declination"
           Type="Bidder_SignedPLA"  />
  <Setting Name="Bid &amp; Contract Agreement"
           Type="Bidder_RoutingContractAgreement"  />
  <Setting Name="Invitation to Bid Letter"           
           Value="~/Rfc/Common/DownloadFileViaProjectProperty.ashx?id={projectId}&amp;propertyId=104" />
  <Setting Name="Request for Contract"
           Value="~/Rfc/Rfc_View.aspx?Id={projectId}"  />
  <Setting Name="RS-1 Form(s)" Type="Bidder_RS1"  />
  <Setting Name="Pre-Award Meeting Memo" Type="Project_PreAwardMeet" />
  <Setting Name="Phasing Exhibit" Type="Exhibit" Value="Multiple" />
  <Setting Name="Notice of Intent to Award" Type="NoticeIntent"  />
  <Setting Name="Information for Bidders" Type="Project_Infomration" />
  <!--<Setting Name="Justification Memo" Value="~/Rfc/DownloadPackage.aspx?Id={packageId}" Description="01 - Justification Memo" />-->
</ArrayOfSetting>
