{
  "iisSettings": {
    "windowsAuthentication": false,
    "anonymousAuthentication": true,
    "iis": {
      "applicationUrl": "https://localhost/",
      "sslPort": 0
    },
    "iisExpress": {
      "applicationUrl": "http://localhost:49532/",
      "sslPort": 44354
    }
  },
  "profiles": {
    "IIS Express": {
      "commandName": "IISExpress",
      "launchBrowser": true,
      "environmentVariables": {
        "ASPNETCORE_ENVIRONMENT": "Production",
        "ASPNETCORE_HOSTINGSTARTUPASSEMBLIES": "Microsoft.AspNetCore.Mvc.Razor.RuntimeCompilation"
      }
    },
    "EVO.TimesheetPortal.Site": {
      "commandName": "Project",
      "launchBrowser": true,
      "environmentVariables": {
        "ASPNETCORE_ENVIRONMENT": "Production",
        "ASPNETCORE_HOSTINGSTARTUPASSEMBLIES": "Microsoft.AspNetCore.Mvc.Razor.RuntimeCompilation"
      },
      "applicationUrl": "https://localhost:5003;http://localhost:5002"
    },
    "TimeSheetTrackerCore.Prod": {
      "commandName": "IISExpress",
      "launchBrowser": true,
      "environmentVariables": {
        "ASPNETCORE_ENVIRONMENT": "Production"
      },
      "ancmHostingModel": "InProcess",
      "applicationUrl": "https://localhost:5001;http://localhost:5000"
    }
  }
}