<?xml version="1.0" encoding="utf-8" ?>
<ArrayOfMenu>
    <Menu Id="0" ParentId="0" Text="Application Type" />
    <Menu Id="1" ParentId="0" Text="General Information">
        <ArrayOfMenu>
            <Menu Id="2" ParentId="1" Text="Name of Applicant Firm" />
            <Menu Id="3" ParentId="1" Text="Login ID" />
            <Menu Id="4" ParentId="1" Text="D/B/A Name" />
            <Menu Id="5" ParentId="1" Text="Type of Organization" />
            <Menu Id="6" ParentId="1" Text="EIN/SSN" />
            <Menu Id="7" ParentId="1" Text="Physical Address" />
            <Menu Id="8" ParentId="1" Text="Mailing Address" />
            <Menu Id="9" ParentId="1" Text="Company Phone #" />
            <Menu Id="10" ParentId="1" Text="Company Fax Number" />
            <Menu Id="11" ParentId="1" Text="Web Address" />
            <Menu Id="12" ParentId="1" Text="Application Contact" />
            <Menu Id="13" ParentId="1" Text="Secondary Contact" />
            <Menu Id="14" ParentId="1" Text="Notification of bidding opportunities" />
            <Menu Id="15" ParentId="1" Text="Solicitation-specific communications" />
        </ArrayOfMenu>
    </Menu>
    <Menu Id="16" ParentId="0" Text="Business Organization &amp; History: Section 1">
        <ArrayOfMenu>
            <Menu Id="17" ParentId="16" Text="Date Applicant Firm Founded" />
            <Menu Id="18" ParentId="16" Text="County in which business certificate is filed" />
            <Menu Id="19" ParentId="16" Text="Please attach a copy of Applicant Firm&rsquo;s business certificate filed with the local County Clerk&rsquo;s office" />
            <Menu Id="20" ParentId="16" Text="State Incorporated" />
            <Menu Id="21" ParentId="16" Text="Date Incorporated" />
            <Menu Id="22" ParentId="16" Text="Number of shares authorized to the corporation" />
            <Menu Id="23" ParentId="16" Text="Number of shares issued to individuals or entities" />
            <Menu Id="24" ParentId="16" Text="State LLC Formed" />
            <Menu Id="25" ParentId="16" Text="Date LLC Incorporated" />
            <Menu Id="26" ParentId="16" Text="Number of members of the LLC" />
            <Menu Id="27" ParentId="16" Text="Partnership Type" />
            <Menu Id="28" ParentId="16" Text="County Where Partnership Agreement Filed" />
            <Menu Id="29" ParentId="16" Text="State Where Partnership Agreement Filed" />
            <Menu Id="30" ParentId="16" Text="Is the Applicant Firm registered with NYS Division of Corporations?" />
            <Menu Id="31" ParentId="16" Text="Is the Applicant Firm currently involved in the bidding process with the SCA or other contract/purchase order negotiations with any governmental agency, department or authority?" />
            <Menu Id="32" ParentId="16" Text="Please identify agency, department, or authority." />
            <Menu Id="33" ParentId="16" Text="Select specific trade code(s) desired." />
            <Menu Id="34" ParentId="16" Text="Describe principal products/commodities sold or services offered" />
        </ArrayOfMenu>
    </Menu>
    <Menu Id="35" ParentId="0" Text="Business Organization &amp; History: Section 2">
        <ArrayOfMenu>
            <Menu Id="36" ParentId="35" Text="Identify all locations used by the firm including its office, plant, warehouse, and any other commercial facility. Also list heavy equipment and machinery.">
                <ArrayOfMenu>
                    <Menu Id="37" ParentId="36" Text="Type" />
                    <Menu Id="38" ParentId="36" Text="Address" />
                    <Menu Id="39" ParentId="36" Text="Own/Lease/Rent?" />
                    <Menu Id="40" ParentId="36" Text="From Whom?" />
                    <Menu Id="41" ParentId="36" Text="Payment Terms" />
                    <Menu Id="42" ParentId="36" Text="Name of Landlord or Mortgage Holder" />
                    <Menu Id="43" ParentId="36" Text="Affiliation, if any, with Applicant Firm or Key Person" />
                </ArrayOfMenu>
            </Menu>
            <Menu Id="44" ParentId="35" Text="At present or during the past five (5) years has the Applicant Firm shared office space, plants, warehouses, staff, equipment, telephone or fax exchanges, etc. with any other business or organization?">
                <ArrayOfMenu>
                    <Menu Id="45" ParentId="44" Text="Firm Name" />
                    <Menu Id="46" ParentId="44" Text="EIN" />
                    <Menu Id="47" ParentId="44" Text="Nature of Shared Facility or Staff" />
                    <Menu Id="48" ParentId="44" Text="Address" />
                    <Menu Id="49" ParentId="44" Text="From Date" />
                    <Menu Id="50" ParentId="44" Text="To Date" />
                </ArrayOfMenu>
            </Menu>
            <Menu Id="51" ParentId="35" Text="At present or during the past five (5) years, has the Applicant Firm changed address(es) or operated under any other name(s) or ownership type?">
                <ArrayOfMenu>
                    <Menu Id="52" ParentId="51" Text="Firm Name" />
                    <Menu Id="53" ParentId="51" Text="Ownership Type" />
                    <Menu Id="54" ParentId="51" Text="Address" />
                    <Menu Id="55" ParentId="51" Text="Type" />
                    <Menu Id="56" ParentId="51" Text="From Date" />
                    <Menu Id="57" ParentId="51" Text="To Date" />
                </ArrayOfMenu>
            </Menu>
            <Menu Id="58" ParentId="35" Text="Has your Certificate of Incorporation or Business Certificate been amended?" />
            <Menu Id="59" ParentId="35" Text="At present or during the past five (5) years has the Applicant Firm been a subsidiary or affiliate of any other firm?">
                <ArrayOfMenu>
                    <Menu Id="60" ParentId="59" Text="Firm Name" />
                    <Menu Id="61" ParentId="59" Text="EIN" />
                    <Menu Id="834" ParentId="59" Text="Address" />
                    <Menu Id="62" ParentId="59" Text="Relationship to Applicant Firm" />
                    <Menu Id="63" ParentId="59" Text="% of Applicant Firm Owned" />
                    <Menu Id="64" ParentId="59" Text="From Date" />
                    <Menu Id="65" ParentId="59" Text="To Date" />
                    <Menu Id="66" ParentId="59" Text="Representative Name" />
                    <Menu Id="67" ParentId="59" Text="Representative Title" />
                </ArrayOfMenu>
            </Menu>
            <Menu Id="68" ParentId="35" Text="At present or during the past five (5) years has the Applicant Firm consisted of a partnership in which one or more partners are other firms?">
                <ArrayOfMenu>
                    <Menu Id="69" ParentId="68" Text="Firm Name" />
                    <Menu Id="70" ParentId="68" Text="EIN" />
                    <Menu Id="71" ParentId="68" Text="Address" />
                    <Menu Id="72" ParentId="68" Text="Relationship to Applicant Firm" />
                    <Menu Id="73" ParentId="68" Text="% of Applicant Firm Owned" />
                    <Menu Id="74" ParentId="68" Text="From Date" />
                    <Menu Id="75" ParentId="68" Text="To Date" />
                    <Menu Id="76" ParentId="68" Text="Representative Name" />
                    <Menu Id="77" ParentId="68" Text="Representative Title" />
                </ArrayOfMenu>
            </Menu>
            <Menu Id="78" ParentId="35" Text="At present or during the past five (5) years has any other firm owned 5% or more of the Applicant Firm? (includes venture capitalists and other similar investors)">
                <ArrayOfMenu>
                    <Menu Id="79" ParentId="78" Text="Firm Name" />
                    <Menu Id="80" ParentId="78" Text="EIN" />
                    <Menu Id="81" ParentId="78" Text="Address" />
                    <Menu Id="82" ParentId="78" Text="Relationship to Applicant Firm" />
                    <Menu Id="83" ParentId="78" Text="% of Applicant Firm Owned" />
                    <Menu Id="84" ParentId="78" Text="From Date" />
                    <Menu Id="85" ParentId="78" Text="To Date" />
                    <Menu Id="86" ParentId="78" Text="Representative Name" />
                    <Menu Id="87" ParentId="78" Text="Representative Title" />
                </ArrayOfMenu>
            </Menu>
            <Menu Id="88" ParentId="35" Text="At present or during the past five (5) years has the Applicant Firm joint ventured with any other firms?">
                <ArrayOfMenu>
                    <Menu Id="89" ParentId="88" Text="Firm Name" />
                    <Menu Id="90" ParentId="88" Text="EIN" />
                    <Menu Id="91" ParentId="88" Text="Address" />
                    <Menu Id="92" ParentId="88" Text="Relationship to Applicant Firm" />
                    <Menu Id="93" ParentId="88" Text="% of Applicant Firm Owned" />
                    <Menu Id="94" ParentId="88" Text="From Date" />
                    <Menu Id="95" ParentId="88" Text="To Date" />
                    <Menu Id="96" ParentId="88" Text="Representative Name" />
                    <Menu Id="97" ParentId="88" Text="Representative Title" />
                </ArrayOfMenu>
            </Menu>
            <Menu Id="98" ParentId="35" Text="At present or during the past five (5) years has the Applicant Firm had any subsidiaries?">
                <ArrayOfMenu>
                    <Menu Id="99" ParentId="98" Text="Firm Name" />
                    <Menu Id="100" ParentId="98" Text="EIN" />
                    <Menu Id="101" ParentId="98" Text="Address" />
                    <Menu Id="102" ParentId="98" Text="Relationship to Applicant Firm" />
                    <Menu Id="103" ParentId="98" Text="Nature of Business" />
                    <Menu Id="104" ParentId="98" Text="% of Firm Owned" />
                    <Menu Id="105" ParentId="98" Text="From Date" />
                    <Menu Id="106" ParentId="98" Text="To Date" />
                </ArrayOfMenu>
            </Menu>
            <Menu Id="107" ParentId="35" Text="At present or during the past five (5) years has the Applicant Firm owned 5% or more of any other firm?">
                <ArrayOfMenu>
                    <Menu Id="108" ParentId="107" Text="Firm Name" />
                    <Menu Id="109" ParentId="107" Text="EIN" />
                    <Menu Id="110" ParentId="107" Text="Address" />
                    <Menu Id="111" ParentId="107" Text="Relationship to Applicant Firm" />
                    <Menu Id="112" ParentId="107" Text="Nature of Business" />
                    <Menu Id="113" ParentId="107" Text="% of Firm Owned" />
                    <Menu Id="114" ParentId="107" Text="From Date" />
                    <Menu Id="115" ParentId="107" Text="To Date" />
                </ArrayOfMenu>
            </Menu>
        </ArrayOfMenu>
    </Menu>
    <Menu Id="116" ParentId="0" Text="Key People &amp; Personnel: Section 1">
        <ArrayOfMenu>
            <Menu Id="117" ParentId="116" Text="In the following table, provide the requested information on all current key people as defined below, and anyone who has owned 5% or more of the Applicant Firm within the past three (3) years. Each current key person of the Applicant Firm must attach a notarized certification. Also, please attach a resume for each key person.">
                <ArrayOfMenu>
                    <Menu Id="118" ParentId="117" Text="Name" />
                    <Menu Id="119" ParentId="117" Text="Home Phone #" />
                    <Menu Id="120" ParentId="117" Text="Date of Birth" />
                    <Menu Id="121" ParentId="117" Text="Gender" />
                    <Menu Id="122" ParentId="117" Text="Ethnicity" />
                    <Menu Id="123" ParentId="117" Text="SSN" />
                    <Menu Id="124" ParentId="117" Text="Business Title" />
                    <Menu Id="125" ParentId="117" Text="US Citizen or Alien Registration Number, if not a U.S. Citizen" />
                    <Menu Id="126" ParentId="117" Text="Home Address" />
                    <Menu Id="127" ParentId="117" Text="Employment Start Date" />
                    <Menu Id="128" ParentId="117" Text="Commencement Date of Current Position" />
                    <Menu Id="129" ParentId="117" Text="Employment End Date" />
                    <Menu Id="130" ParentId="117" Text="Is this person an owner?" />
                    <Menu Id="131" ParentId="117" Text="Number of shares owned" />
                    <Menu Id="132" ParentId="117" Text="Amount paid when purchased" />
                    <Menu Id="133" ParentId="117" Text="Method of Acquisition" />
                    <Menu Id="134" ParentId="117" Text="Common or Preferred?" />
                    <Menu Id="135" ParentId="117" Text="Date shares were acquired" />
                    <Menu Id="136" ParentId="117" Text="Percentage of Ownership" />
                    <Menu Id="137" ParentId="117" Text="Total Amount/Value of Contributions" />
                    <Menu Id="138" ParentId="117" Text="Specify any name change, maiden name, or aliases" />
                    <Menu Id="139" ParentId="117" Text="Please attach a resume for each key person listed." />
                </ArrayOfMenu>
            </Menu>
            <Menu Id="140" ParentId="116" Text="Add Personnel">
                <ArrayOfMenu>
                    <Menu Id="141" ParentId="140" Text="Name" />
                    <Menu Id="142" ParentId="140" Text="Title" />
                    <Menu Id="143" ParentId="140" Text="Is this person an owner?" />
                    <Menu Id="144" ParentId="140" Text="Attach Resume" />
                </ArrayOfMenu>
            </Menu>
        </ArrayOfMenu>
    </Menu>
    <Menu Id="145" ParentId="0" Text="Key People &amp; Personnel: Section 2">
        <ArrayOfMenu>
            <Menu Id="146" ParentId="145" Text="Identify those individuals responsible for managerial operations.">
                <ArrayOfMenu>
                    <Menu Id="147" ParentId="146" Text="Financial Decisions" />
                    <Menu Id="148" ParentId="146" Text="Estimating" />
                    <Menu Id="149" ParentId="146" Text="Preparing Bids" />
                    <Menu Id="150" ParentId="146" Text="Negotiating Bonding" />
                    <Menu Id="151" ParentId="146" Text="Negotiating Insurance" />
                    <Menu Id="152" ParentId="146" Text="Marketing &amp; Sales" />
                    <Menu Id="153" ParentId="146" Text="Hiring &amp; Firing" />
                    <Menu Id="155" ParentId="146" Text="Supervising Field Operations" />
                    <Menu Id="156" ParentId="146" Text="Purchasing Equipment/Supplies" />
                    <Menu Id="157" ParentId="146" Text="Managing &amp; Signing Payroll" />
                    <Menu Id="158" ParentId="146" Text="Negotiating Contracts" />
                </ArrayOfMenu>
            </Menu>
            <Menu Id="159" ParentId="145" Text="Please identify and provide resumes for all officers, partners, owners, members, managers, supervisors, field personnel, or professionals with experience in the trade code(s) previously selected. Note: Vendors are not required to submit resumes.">
                <ArrayOfMenu>
                    <Menu Id="160" ParentId="159" Text="Name" />
                    <Menu Id="161" ParentId="159" Text="Field of Expertise" />
                    <Menu Id="162" ParentId="159" Text="Total Years of Related Experience" />
                    <Menu Id="163" ParentId="159" Text="Total Years with Firm" />
                </ArrayOfMenu>
            </Menu>
            <Menu Id="164" ParentId="145" Text="Please identify the cash and capital contributions including gifts, equipment, loans, and expertise to the firm by those identified in above, as well as any other individuals.">
                <ArrayOfMenu>
                    <Menu Id="165" ParentId="164" Text="Contributor/Source" />
                    <Menu Id="166" ParentId="164" Text="Amount/Value" />
                    <Menu Id="167" ParentId="164" Text="Type of Contribution" />
                    <Menu Id="168" ParentId="164" Text="Date of Contribution" />
                </ArrayOfMenu>
            </Menu>
            <Menu Id="169" ParentId="145" Text="Do any office staff, field/supervisory staff, estimators, controllers, or consultants also work for another firm?">
                <ArrayOfMenu>
                    <Menu Id="170" ParentId="169" Text="Type of Personnel" />
                    <Menu Id="171" ParentId="169" Text="Name" />
                    <Menu Id="172" ParentId="169" Text="Other Firm Name" />
                    <Menu Id="173" ParentId="169" Text="Other Firm Address" />
                    <Menu Id="174" ParentId="169" Text="Other Firm Phone #" />
                </ArrayOfMenu>
            </Menu>
            <Menu Id="175" ParentId="145" Text="At present or during the past five (5) years, have any of the Key People of the Applicant Firm served as a Key Person or owned 5% or more of any other firm (including firms that are inactive, have been dissolved or are non-construction related)?">
                <ArrayOfMenu>
                    <Menu Id="176" ParentId="175" Text="Key Person" />
                    <Menu Id="177" ParentId="175" Text="Other Firm Name" />
                    <Menu Id="178" ParentId="175" Text="Other Firm EIN" />
                    <Menu Id="179" ParentId="175" Text="Nature of Business" />
                    <Menu Id="180" ParentId="175" Text="Other Firm Address" />
                    <Menu Id="181" ParentId="175" Text="Position Held" />
                    <Menu Id="182" ParentId="175" Text="Is this person an owner?" />
                    <Menu Id="183" ParentId="175" Text="% Owned by Key Person" />
                    <Menu Id="184" ParentId="175" Text="Remainder Owned By" />
                    <Menu Id="185" ParentId="175" Text="Owned From" />
                    <Menu Id="186" ParentId="175" Text="Owned To" />
                    <Menu Id="187" ParentId="175" Text="Served From Date" />
                    <Menu Id="188" ParentId="175" Text="Served To Date" />
                </ArrayOfMenu>
            </Menu>
            <Menu Id="189" ParentId="145" Text="Are any Key People of the Applicant Firm present or past employees of the NYC School Construction Authority (SCA)?">
                <ArrayOfMenu>
                    <Menu Id="190" ParentId="189" Text="Key Person" />
                    <Menu Id="191" ParentId="189" Text="Name of Current or Past SCA Employee" />
                    <Menu Id="192" ParentId="189" Text="Relationship" />
                </ArrayOfMenu>
            </Menu>
            <Menu Id="193" ParentId="145" Text="Are any Key People of the Applicant Firm related by kinship or marriage to any present or past employee of the SCA?">
                <ArrayOfMenu>
                    <Menu Id="194" ParentId="193" Text="Key Person" />
                    <Menu Id="195" ParentId="193" Text="Name of Current or Past SCA Employee" />
                    <Menu Id="196" ParentId="193" Text="Relationship" />
                </ArrayOfMenu>
            </Menu>
            <Menu Id="197" ParentId="145" Text="Are any Key People of the Applicant Firm related by kinship or marriage to anyone who is a key person in a firm that has sought prequalification from the SCA?">
                <ArrayOfMenu>
                    <Menu Id="198" ParentId="197" Text="Key Person" />
                    <Menu Id="199" ParentId="197" Text="Name of Current or Past SCA Employee" />
                    <Menu Id="200" ParentId="197" Text="Relationship" />
                </ArrayOfMenu>
            </Menu>
            <Menu Id="201" ParentId="145" Text="Did the current owners purchase the assets of the firm or acquire the firm pursuant to a written purchase or buyout agreement or assignment?" />
            <Menu Id="202" ParentId="145" Text="Previous owner(s) name(s)" />
            <Menu Id="203" ParentId="145" Text="Has the purchase price been paid in full?" />
            <Menu Id="204" ParentId="145" Text="Date Purchased" />
            <Menu Id="205" ParentId="145" Text="Please attach purchase or buyout agreement or assignment" />
        </ArrayOfMenu>
    </Menu>
    <Menu Id="206" ParentId="0" Text="Work History &amp; References: Section 1">
        <ArrayOfMenu>
            <Menu Id="207" ParentId="206" Text="Please list below and provide copies (front and back) of all licenses, registrations, certifications, etc. necessary for work the Applicant Firm will perform.">
                <ArrayOfMenu>
                    <Menu Id="208" ParentId="207" Text="Individual Named on License/Certification" />
                    <Menu Id="209" ParentId="207" Text="Corporation Name on License" />
                    <Menu Id="210" ParentId="207" Text="Issued By" />
                    <Menu Id="211" ParentId="207" Text="License/Certification Number" />
                    <Menu Id="212" ParentId="207" Text="Expiration Date" />
                    <Menu Id="213" ParentId="207" Text="Attach License" />
                </ArrayOfMenu>
            </Menu>
        </ArrayOfMenu>
    </Menu>
    <Menu Id="214" ParentId="0" Text="Work History &amp; References: Section 2">
        <ArrayOfMenu>
            <Menu Id="215" ParentId="214" Text="Average of Commercial References" />
            <Menu Id="216" ParentId="214" Text="List ALL of the Applicant Firm&rsquo;s commercial prime contracts or commercial subcontracts completed within the last 3 years.">
                <ArrayOfMenu>
                    <Menu Id="217" ParentId="216" Text="Agency/Owner/Developer" />
                    <Menu Id="218" ParentId="216" Text="General Contractor on Project" />
                    <Menu Id="219" ParentId="216" Text="Project Name" />
                    <Menu Id="220" ParentId="216" Text="Project Contract #" />
                    <Menu Id="221" ParentId="216" Text="Were you a prime or a sub?" />
                    <Menu Id="222" ParentId="216" Text="Applicant Firm&rsquo;s Contract $ Amount" />
                    <Menu Id="223" ParentId="216" Text="Project Address" />
                    <Menu Id="224" ParentId="216" Text="Start Date of Applicant Firm&rsquo;s Contract" />
                    <Menu Id="225" ParentId="216" Text="Completion Date of Applicant Firm&rsquo;s Contract" />
                    <Menu Id="226" ParentId="216" Text="This project was completed in a disadvantaged area" />
                    <Menu Id="227" ParentId="216" Text="Ongoing" />
                    <Menu Id="228" ParentId="216" Text="Borough" />
                    <Menu Id="229" ParentId="216" Text="Describe Work Performed on Project" />
                    <Menu Id="230" ParentId="216" Text="Please select specific trade code(s)" />
                    <Menu Id="231" ParentId="216" Text="Representative from Agency/Owner/Developer Familiar with Performance" />
                </ArrayOfMenu>
            </Menu>
            <Menu Id="232" ParentId="214" Text="Base the following on calendar or fiscal years?" />
            <Menu Id="233" ParentId="214" Text="Last Fiscal Year End" />
            <Menu Id="234" ParentId="214" Text="State the number of projects and the total dollar amount of the Applicant Firm&rsquo;s sales/revenue for each of the past three (3) fiscal or calendar years." />
            <Menu Id="235" ParentId="214" Text="Total Number of Employees" />
        </ArrayOfMenu>
    </Menu>
    <Menu Id="236" ParentId="0" Text="Asbestos Abatement Qualification Statement">
        <ArrayOfMenu>
            <Menu Id="237" ParentId="236" Text="Warehouse address(es)" />
            <Menu Id="238" ParentId="236" Text="Intermediate storage location(s)" />
            <Menu Id="239" ParentId="236" Text="Names of waste transport haulers" />
            <Menu Id="240" ParentId="236" Text="Disposal site(s)" />
            <Menu Id="241" ParentId="236" Text="Total number of supervisors on payroll" />
            <Menu Id="242" ParentId="236" Text="Total number of handlers on payroll" />
            <Menu Id="243" ParentId="236" Text="Total number of support staff (clerical, administrative, etc.)" />
            <Menu Id="244" ParentId="236" Text="Total number of employees" />
            <Menu Id="245" ParentId="236" Text="Provide information below on all licenses held by firm, owners, partners, full-time supervisors and employees.">
                <ArrayOfMenu>
                    <Menu Id="246" ParentId="245" Text="Type of License" />
                    <Menu Id="247" ParentId="245" Text="Individual Named on License" />
                    <Menu Id="248" ParentId="245" Text="License #" />
                    <Menu Id="249" ParentId="245" Text="Expiration Date" />
                    <Menu Id="250" ParentId="245" Text="Attach License" />
                </ArrayOfMenu>
            </Menu>
            <Menu Id="251" ParentId="236" Text="List of primary equipment in your current inventory." />
            <Menu Id="252" ParentId="236" Text="Describe or attach a copy of your firm&rsquo;s Worker Training Program" />
            <Menu Id="253" ParentId="236" Text="List or attach a copy of your Quality Control Program" />
            <Menu Id="254" ParentId="236" Text="List or attach a copy of your current Respirator Program" />
            <Menu Id="255" ParentId="236" Text="Attach any supplemental information relevant to your firm&rsquo;s qualifications" />
        </ArrayOfMenu>
    </Menu>
    <Menu Id="256" ParentId="0" Text="Asbestos Consultant Qualification Statement">
        <ArrayOfMenu>
            <Menu Id="257" ParentId="256" Text="Location(s) of office(s) which would service SCA contracts" />
            <Menu Id="258" ParentId="256" Text="Location(s) of in-house lab(s) which would service SCA contracts" />
            <Menu Id="259" ParentId="256" Text="If lab(s) other than in-house are used, specify full name and address of lab(s) primarily used by your firm" />
            <Menu Id="260" ParentId="256" Text="List your firm&rsquo;s projected sub-consultants which would be used for work that is not performed by your in-house laboratory or staff" />
            <Menu Id="261" ParentId="256" Text="Specify which of the following designations are maintained by the laboratory which would service SCA contracts" />
            <Menu Id="262" ParentId="256" Text="Describe in detail below (or in a separate attachment) the services that your firm is able to provide with its own personnel and equipment (i.e. project design, project monitoring, underground storage tanks, IAQ services, lead testing, tadon testing, PCBs, specific hazardous management services, etc)." />
            <Menu Id="263" ParentId="256" Text="Provide information on the sampling and analytical equipment at the location(s) which would service SCA contracts." />
            <Menu Id="264" ParentId="256" Text="Does your office and/or laboratory have a computer?" />
            <Menu Id="265" ParentId="256" Text="Does your office and/or laboratory have CADD capability?" />
            <Menu Id="266" ParentId="256" Text="Which CADD system?" />
            <Menu Id="267" ParentId="256" Text="Does your office and/or laboratory have a fax machine?" />
            <Menu Id="268" ParentId="256" Text="What is your turn-around time for submitting results during the week for the following analyses" />
            <Menu Id="269" ParentId="256" Text="Is your firm available for weekend work?" />
            <Menu Id="270" ParentId="256" Text="What is your turn-around time for submitting results on the weekend for the following analyses" />
            <Menu Id="271" ParentId="256" Text="What is your turn-around time for submitting the written report upon completion of a project?" />
            <Menu Id="272" ParentId="256" Text="What is the total number of FULL-TIME staff currently employed by your firm?" />
            <Menu Id="273" ParentId="256" Text="What is the total number of FULL-TIME staff currently stationed at the locations which would service SCA contracts?" />
            <Menu Id="274" ParentId="256" Text="Total # laboratory technicians" />
            <Menu Id="275" ParentId="256" Text="Total # field technicians" />
            <Menu Id="276" ParentId="256" Text="Total # project managers" />
            <Menu Id="277" ParentId="256" Text="Indicate number of your firm&rsquo;s FULL-TIME staff who possess the following certifications and are currently stationed at the locations which would be servicing SCA contracts" />
            <Menu Id="278" ParentId="256" Text="Attach copies of your most recent Professional Analytical Testing (PAT) rating." />
        </ArrayOfMenu>
    </Menu>
    <Menu Id="279" ParentId="0" Text="Lab Testing Qualification Statement">
        <ArrayOfMenu>
            <Menu Id="280" ParentId="279" Text="Location(s) of your in-house laboratory(ies) which would be servicing SCA contracts &amp; total number of full-time staff currently employed at each" />
            <Menu Id="281" ParentId="279" Text="How long has your firm been in the laboratory testing, inspection or controlled inspection business?" />
            <Menu Id="282" ParentId="279" Text="Attach a detailed list of the testing, inspection and controlled inspection services that your firm can provide with your own personnel at the laboratory locations your listed above." />
            <Menu Id="283" ParentId="279" Text="Is your firm licensed by the Department of Buildings?" />
            <Menu Id="284" ParentId="279" Text="Attach copy of current license registration." />
            <Menu Id="285" ParentId="279" Text="Is your firm/laboratory accredited by AASHTO or NVLAP for the following materials?" />
            <Menu Id="286" ParentId="279" Text="Does your firm fully comply with the following standards?" />
            <Menu Id="287" ParentId="279" Text="Does your firm/laboratory participate in CCRL Proficiency Sample Test Program?" />
            <Menu Id="288" ParentId="279" Text="Does your firm/laboratory participate in AMRL Proficiency Sample Test Program?" />
            <Menu Id="289" ParentId="279" Text="Does your firm/laboratory retain copies of all proficiency sample test reports?" />
            <Menu Id="290" ParentId="279" Text="Does your firm/laboratory have documentation describing procedures followed if poor proficiency sample test results are indicated?" />
            <Menu Id="291" ParentId="279" Text="Have the laboratories at which you would cure and test concrete cylinders for SCA projects been inspected by CCRL within the last 24 months?" />
            <Menu Id="292" ParentId="279" Text="Have the laboratories at which you would test soils and bituminous materials for SCA projects been inspected by AMRL within the last 24 months?" />
            <Menu Id="293" ParentId="279" Text="Provide details on your TECHNICAL DIRECTOR OF INSPECTION AND TESTING SERVICES" />
            <Menu Id="294" ParentId="279" Text="Provide details on your SUPERVISORY or SENIOR FIELD TECHNICIANS. Indicate how many years experience they have inspecting and sampling applicable materials in the following areas" />
            <Menu Id="295" ParentId="279" Text="Provide details on your SUPERVISORY or SENIOR LABORATORY TECHNICIANS. Indicate how many years experience they have performing tests on applicable materials in the following areas" />
            <Menu Id="296" ParentId="279" Text="How many inspectors for controlled inspections with at least two years of such experience are currently employed by your firm at the location(s) which would service SCA contracts?" />
            <Menu Id="297" ParentId="279" Text="How many of the above inspectors for controlled inspections are qualified to perform the following types of inspections?" />
            <Menu Id="298" ParentId="279" Text="Provide details below on the number of all full-time employees possessing the following credentials. Include only those employees who are stationed at laboratories which would service SCA contracts. Copies of applicable licenses/registration certificates showing current expiration dates must be produced only if your firm is considered for SCA work." />
            <Menu Id="299" ParentId="279" Text="Does your laboratory have a general description of the laboratory&rsquo;s facilities for testing and related activities (e.g. floor plan)?" />
            <Menu Id="300" ParentId="279" Text="Does your laboratory have an inventory of major equiment used to sample materials and perform inspections and tests?" />
            <Menu Id="301" ParentId="279" Text="Do the records include name of manufacturer?" />
            <Menu Id="302" ParentId="279" Text="Do the records include model and serial #?" />
            <Menu Id="303" ParentId="279" Text="Do the records include date placed in service?" />
            <Menu Id="304" ParentId="279" Text="Does your laboratory have a description of what test equipment is to be checked and how and when the work is to be performed?" />
            <Menu Id="305" ParentId="279" Text="Does your laboratory have records showing the results of work performed when checking test equipment?" />
            <Menu Id="306" ParentId="279" Text="Do the records include a description of the equipment checked?" />
            <Menu Id="307" ParentId="279" Text="Do the records include date the work was performed?" />
            <Menu Id="308" ParentId="279" Text="Do the records include name of person checking the equipment?" />
            <Menu Id="309" ParentId="279" Text="Do the records include number of items checked?" />
            <Menu Id="310" ParentId="279" Text="Does your laboratory have a list or record of all laboratory equipment requiring calibration/verification?" />
            <Menu Id="311" ParentId="279" Text="Do the records include frequency of calibration/verification?" />
            <Menu Id="312" ParentId="279" Text="Do the records include range of calibration/verification?" />
            <Menu Id="313" ParentId="279" Text="Do the records includea reference to the c/v procedure used?" />
            <Menu Id="314" ParentId="279" Text="Does your laboratory have written procedures describing how calibration/verification work is to be performed?" />
            <Menu Id="315" ParentId="279" Text="Does your laboratory have records showing the results of calibration/verification work performed?" />
            <Menu Id="316" ParentId="279" Text="Do the records include description of equipment?" />
            <Menu Id="317" ParentId="279" Text="Do the records include date c/v work was performed?" />
            <Menu Id="318" ParentId="279" Text="Do the records include name of person performing work?" />
            <Menu Id="319" ParentId="279" Text="Do the records include identification of in-house c/v equipment used?" />
            <Menu Id="320" ParentId="279" Text="Has the equipment used by your laboratory been calibrated, verified or checked at the following minimum frequencies" />
            <Menu Id="321" ParentId="279" Text="Does your laboratory have and maintain books containing ASTM, ACI, AWS, ASSHTO standard test procedures?" />
            <Menu Id="322" ParentId="279" Text="Are the publications the most current editions?" />
            <Menu Id="323" ParentId="279" Text="Are the publications readily accessible to lab personnel?" />
            <Menu Id="324" ParentId="279" Text="Are the publications physically present in the lab section?" />
            <Menu Id="325" ParentId="279" Text="Does your laboratory have and maintain an up to date procedure or test manual referencing standard and detailing non-standard testing, sampling and inspection activities performed by your laboratory?" />
            <Menu Id="326" ParentId="279" Text="Does your laboratory have and maintain a document describing procedures for recording, checking and processing data and reporting test results?" />
            <Menu Id="327" ParentId="279" Text="Does your laboratory have and maintain a document describing prodedures for the selection, handling, identification, conditioning, storage, retention and disposal of test samples?" />
            <Menu Id="328" ParentId="279" Text="Does your laboratory maintain a test record system which contains sufficient information to permit verification of any test report?" />
            <Menu Id="329" ParentId="279" Text="Does your laboratory maintain a test record system which retains records for at least 3 years which include original observation, calculations and derived data, and final test reports?" />
            <Menu Id="330" ParentId="279" Text="Do your test reports include name and address of testing laboratory?" />
            <Menu Id="331" ParentId="279" Text="Do your test reports include name and address of testing laboratory?" />
            <Menu Id="332" ParentId="279" Text="Do your test reports include identification of client and project?" />
            <Menu Id="333" ParentId="279" Text="Do your test reports include description and identification of samples?" />
            <Menu Id="334" ParentId="279" Text="Do your test reports include date of receipt of samples?" />
            <Menu Id="335" ParentId="279" Text="Do your test reports include date(s) of test(s) performance?" />
            <Menu Id="336" ParentId="279" Text="Do your test reports include description of relevant sampling procedure?" />
            <Menu Id="337" ParentId="279" Text="Do your test reports include identification of the standard test method used, notation of deviations from standard method, and requirments of the method that was not used?" />
            <Menu Id="338" ParentId="279" Text="Do your test reports include a signature, name and title of person(s) accepting responsibility for test report?" />
            <Menu Id="339" ParentId="279" Text="Do your test reports include identification of the technicican or inspector performing the test/inspection" />
            <Menu Id="340" ParentId="279" Text="Do you have a computer in your laboratory(ies)?" />
            <Menu Id="341" ParentId="279" Text="Do you have a fax machine in your laboratory(ies)?" />
            <Menu Id="342" ParentId="279" Text="Does your laboratory maintain records of the daily scheduling and dispatching of personnel?" />
            <Menu Id="343" ParentId="279" Text="How many times per week do your supervisors visit each project site?" />
            <Menu Id="344" ParentId="279" Text="Describe your on-site testing capabilities" />
            <Menu Id="345" ParentId="279" Text="Describe your training program for new and current employees" />
            <Menu Id="346" ParentId="279" Text="Does your firm have the capability to do lead paint testing?" />
        </ArrayOfMenu>
    </Menu>
    <Menu Id="347" ParentId="0" Text="Financial Information: Section 1">
        <ArrayOfMenu>
            <Menu Id="348" ParentId="347" Text="Does firm have a CPA/Account?" />
            <Menu Id="349" ParentId="347" Text="CPA/Accountant for Firm" />
            <Menu Id="350" ParentId="347" Text="Please provide information for each business bank account, whether domestic/foreign/offshore, held by the Applicant Firm.">
                <ArrayOfMenu>
                    <Menu Id="351" ParentId="350" Text="Name onAccount" />
                    <Menu Id="352" ParentId="350" Text="Type of Account" />
                    <Menu Id="353" ParentId="350" Text="Bank Name" />
                    <Menu Id="354" ParentId="350" Text="Bank Address" />
                    <Menu Id="355" ParentId="350" Text="Select ALL signatories for this account." />
                </ArrayOfMenu>
            </Menu>
        </ArrayOfMenu>
    </Menu>
    <Menu Id="356" ParentId="0" Text="Financial Information: Section 2">
        <ArrayOfMenu>
            <Menu Id="357" ParentId="356" Text="Does the Applicant Firm have a bonding capacity?">
                <ArrayOfMenu>
                    <Menu Id="358" ParentId="357" Text="Surety Name" />
                    <Menu Id="359" ParentId="357" Text="Address" />
                    <Menu Id="360" ParentId="357" Text="Agent/Broker" />
                    <Menu Id="361" ParentId="357" Text="Phone #" />
                    <Menu Id="362" ParentId="357" Text="Bonding Letter" />
                    <Menu Id="363" ParentId="357" Text="In writing bonds for the Applicant Firm, does the surety company rely on the indemnity of any other firm(s) or individual(s)?" />
                    <Menu Id="364" ParentId="357" Text="Supply names &amp; addresses of others" />
                    <Menu Id="365" ParentId="357" Text="Single Job Bonding Capacity" />
                    <Menu Id="366" ParentId="357" Text="Aggregate Bonding Capacity" />
                </ArrayOfMenu>
            </Menu>
            <Menu Id="367" ParentId="356" Text="Does the Applicant Firm carry errors and omissions insurance?" />
            <Menu Id="368" ParentId="356" Text="Errors &amp; Omissions" />
            <Menu Id="369" ParentId="356" Text="Does the Applicant Firm carry professional liability insurance?" />
            <Menu Id="370" ParentId="356" Text="Professional Liability" />
            <Menu Id="371" ParentId="356" Text="At present or during the past five (5) years have there been any errors or omissions or professional liability claims against the Applicant Firm?">
                <ArrayOfMenu>
                    <Menu Id="372" ParentId="371" Text="Insurance Type" />
                    <Menu Id="373" ParentId="371" Text="Date Claim Filed" />
                    <Menu Id="374" ParentId="371" Text="Claimant" />
                    <Menu Id="375" ParentId="371" Text="Claim Amount" />
                    <Menu Id="376" ParentId="371" Text="Insurer" />
                    <Menu Id="377" ParentId="371" Text="Disposition" />
                    <Menu Id="378" ParentId="371" Text="Summary/Details" />
                </ArrayOfMenu>
            </Menu>
        </ArrayOfMenu>
    </Menu>
    <Menu Id="379" ParentId="0" Text="Financial Information: Section 3">
        <ArrayOfMenu>
            <Menu Id="380" ParentId="379" Text="Does the applicant firm have a line of credit and/or an unsecured or secured loan provided by a lending institution?">
                <ArrayOfMenu>
                    <Menu Id="381" ParentId="380" Text="Amount of Credit" />
                    <Menu Id="382" ParentId="380" Text="Amount Owed" />
                    <Menu Id="383" ParentId="380" Text="Revolving Line of Credit" />
                    <Menu Id="384" ParentId="380" Text="Termination Date" />
                    <Menu Id="385" ParentId="380" Text="Name of Lending Institution" />
                    <Menu Id="386" ParentId="380" Text="Name of Loan Officer" />
                    <Menu Id="387" ParentId="380" Text="Phone # of Loan Officer" />
                </ArrayOfMenu>
            </Menu>
            <Menu Id="388" ParentId="379" Text="At present or during the past five (5) years has the Applicant Firm been indebted, either formally or informally, to an individual or entity other than a commercial lending institution in the cumulative amount of $50,000 or more?">
                <ArrayOfMenu>
                    <Menu Id="389" ParentId="388" Text="Name of Creditor" />
                    <Menu Id="390" ParentId="388" Text="Name of Borrower" />
                    <Menu Id="391" ParentId="388" Text="Type of Investment/Loan/Credit" />
                    <Menu Id="392" ParentId="388" Text="Amount of Loan" />
                    <Menu Id="393" ParentId="388" Text="Balance Owed" />
                    <Menu Id="394" ParentId="388" Text="Terms of Pledge or Loan" />
                    <Menu Id="395" ParentId="388" Text="Name of Guarantor/Co-Signer" />
                    <Menu Id="396" ParentId="388" Text="From Date" />
                    <Menu Id="397" ParentId="388" Text="To Date" />
                </ArrayOfMenu>
            </Menu>
            <Menu Id="398" ParentId="379" Text="At present or during the past five (5) years have any of the Applicant Firm&rsquo;s Key People been indebted, either formally or informally, to an individual or entity other than a commercial lending institution in the cumulative amount of $50,000 or more, for the benefit of the Applicant Firm?">
                <ArrayOfMenu>
                    <Menu Id="399" ParentId="398" Text="Name of Creditor" />
                    <Menu Id="400" ParentId="398" Text="Name of Borrower" />
                    <Menu Id="401" ParentId="398" Text="Type of Investment/Loan/Credit" />
                    <Menu Id="402" ParentId="398" Text="Amount of Loan" />
                    <Menu Id="403" ParentId="398" Text="Balance Owed" />
                    <Menu Id="404" ParentId="398" Text="Terms of Pledge or Loan" />
                    <Menu Id="405" ParentId="398" Text="Name of Guarantor/Co-Signer" />
                    <Menu Id="406" ParentId="398" Text="From Date" />
                    <Menu Id="407" ParentId="398" Text="To Date" />
                </ArrayOfMenu>
            </Menu>
            <Menu Id="408" ParentId="379" Text="At present or during the past five (5) years has any individual or firm been a guarantor, co-maker or co-signer of any of these obligations on behalf of the Applicant Firm?">
                <ArrayOfMenu>
                    <Menu Id="409" ParentId="408" Text="Name of Creditor" />
                    <Menu Id="410" ParentId="408" Text="Name of Borrower" />
                    <Menu Id="411" ParentId="408" Text="Type of Investment/Loan/Credit" />
                    <Menu Id="412" ParentId="408" Text="Amount of Loan" />
                    <Menu Id="413" ParentId="408" Text="Balance Owed" />
                    <Menu Id="414" ParentId="408" Text="Terms of Pledge or Loan" />
                    <Menu Id="415" ParentId="408" Text="Name of Guarantor/Co-Signer" />
                    <Menu Id="416" ParentId="408" Text="From Date" />
                    <Menu Id="417" ParentId="408" Text="To Date" />
                </ArrayOfMenu>
            </Menu>
            <Menu Id="418" ParentId="379" Text="At present or during the past five (5) years, has the Applicant Firm, its Key People or Affiliate Firm(s) been the subject of a judgment of $50,000 or more by a subcontractor, supplier, labor union, benefit fund or other creditor?">
                <ArrayOfMenu>
                    <Menu Id="419" ParentId="418" Text="Agency/Owner Involved" />
                    <Menu Id="420" ParentId="418" Text="Case #" />
                    <Menu Id="421" ParentId="418" Text="Docket #" />
                    <Menu Id="422" ParentId="418" Text="Court" />
                    <Menu Id="423" ParentId="418" Text="County" />
                    <Menu Id="424" ParentId="418" Text="Description of Circumstances" />
                    <Menu Id="425" ParentId="418" Text="Current Status" />
                    <Menu Id="426" ParentId="418" Text="Date of Events" />
                    <Menu Id="427" ParentId="418" Text="Name of Agency/Owner Contact" />
                    <Menu Id="428" ParentId="418" Text="Phone # of Agency/Owner Contact" />
                </ArrayOfMenu>
            </Menu>
            <Menu Id="429" ParentId="379" Text="At present or during the past five (5) years, has the Applicant Firm, its Key People or Affiliate Firm(s) been a party to a bankruptcy or reorganization proceeding?">
                <ArrayOfMenu>
                    <Menu Id="430" ParentId="429" Text="Agency/Owner Involved" />
                    <Menu Id="431" ParentId="429" Text="Case #" />
                    <Menu Id="432" ParentId="429" Text="Docket #" />
                    <Menu Id="433" ParentId="429" Text="Court" />
                    <Menu Id="434" ParentId="429" Text="County" />
                    <Menu Id="435" ParentId="429" Text="Description of Circumstances" />
                    <Menu Id="436" ParentId="429" Text="Current Status" />
                    <Menu Id="437" ParentId="429" Text="Date of Events" />
                    <Menu Id="438" ParentId="429" Text="Name of Agency/Owner Contact" />
                    <Menu Id="439" ParentId="429" Text="Phone # of Agency/Owner Contact" />
                </ArrayOfMenu>
            </Menu>
            <Menu Id="440" ParentId="379" Text="At present or during the past five (5) years, has the Applicant Firm, its Key People or Affiliate Firm(s) had any delinquent local, city, state or federal taxes outstanding?">
                <ArrayOfMenu>
                    <Menu Id="441" ParentId="440" Text="Agency/Owner Involved" />
                    <Menu Id="442" ParentId="440" Text="Case #" />
                    <Menu Id="443" ParentId="440" Text="Docket #" />
                    <Menu Id="444" ParentId="440" Text="Court" />
                    <Menu Id="445" ParentId="440" Text="County" />
                    <Menu Id="446" ParentId="440" Text="Description of Circumstances" />
                    <Menu Id="447" ParentId="440" Text="Current Status" />
                    <Menu Id="448" ParentId="440" Text="Date of Events" />
                    <Menu Id="449" ParentId="440" Text="Name of Agency/Owner Contact" />
                    <Menu Id="450" ParentId="440" Text="Phone # of Agency/Owner Contact" />
                </ArrayOfMenu>
            </Menu>
            <Menu Id="451" ParentId="379" Text="At present or in the past five (5) years has the Applicant Firm or any of its Key People or Affiliate Firm(s) loaned the cumulative amount of $50,000 or more, either formally or an individual or entity?">
                <ArrayOfMenu>
                    <Menu Id="452" ParentId="451" Text="Receiver Name" />
                    <Menu Id="453" ParentId="451" Text="Receiver Address" />
                    <Menu Id="454" ParentId="451" Text="Amount Loaned" />
                    <Menu Id="455" ParentId="451" Text="Amount Paid" />
                    <Menu Id="456" ParentId="451" Text="Reason for Loan/Payment" />
                    <Menu Id="457" ParentId="451" Text="From Date" />
                    <Menu Id="458" ParentId="451" Text="To Date" />
                </ArrayOfMenu>
            </Menu>
            <Menu Id="459" ParentId="379" Text="At present or in the past five (5) years has the Applicant Firm or any of its Key People or Affiliate Firm(s) paid any commission or fee of any kind to anyone who is not a Key Person of the firm for the purpose of obtaining contracts or work?">
                <ArrayOfMenu>
                    <Menu Id="460" ParentId="459" Text="Receiver Name" />
                    <Menu Id="461" ParentId="459" Text="Receiver Address" />
                    <Menu Id="462" ParentId="459" Text="Amount Loaned" />
                    <Menu Id="463" ParentId="459" Text="Amount Paid" />
                    <Menu Id="464" ParentId="459" Text="Reason for Loan/Payment" />
                    <Menu Id="465" ParentId="459" Text="From Date" />
                    <Menu Id="466" ParentId="459" Text="To Date" />
                </ArrayOfMenu>
            </Menu>
            <Menu Id="467" ParentId="379" Text="Has the Applicant Firm ever failed to complete a contract due to Financial Constraints, including Bankruptcy?">
                <ArrayOfMenu>
                    <Menu Id="468" ParentId="467" Text="Agency Involved" />
                    <Menu Id="469" ParentId="467" Text="Contract Number" />
                    <Menu Id="470" ParentId="467" Text="Date of Action" />
                    <Menu Id="471" ParentId="467" Text="Description of Action" />
                    <Menu Id="472" ParentId="467" Text="Name of Agency Contact" />
                    <Menu Id="473" ParentId="467" Text="Phone # of Agency Contact" />
                </ArrayOfMenu>
            </Menu>
            <Menu Id="474" ParentId="379" Text="Has the Applicant Firm ever failed to complete a contract due to Non-Compliance with Loan Covenant?">
                <ArrayOfMenu>
                    <Menu Id="475" ParentId="474" Text="Agency Involved" />
                    <Menu Id="476" ParentId="474" Text="Contract Number" />
                    <Menu Id="477" ParentId="474" Text="Date of Action" />
                    <Menu Id="478" ParentId="474" Text="Description of Action" />
                    <Menu Id="479" ParentId="474" Text="Name of Agency Contact" />
                    <Menu Id="480" ParentId="474" Text="Phone # of Agency Contact" />
                </ArrayOfMenu>
            </Menu>
            <Menu Id="481" ParentId="379" Text="Has the Applicant Firm ever failed to complete a contract due to Non-Compliance with Surety Covenant?">
                <ArrayOfMenu>
                    <Menu Id="482" ParentId="481" Text="Agency Involved" />
                    <Menu Id="483" ParentId="481" Text="Contract Number" />
                    <Menu Id="484" ParentId="481" Text="Date of Action" />
                    <Menu Id="485" ParentId="481" Text="Description of Action" />
                    <Menu Id="486" ParentId="481" Text="Name of Agency Contact" />
                    <Menu Id="487" ParentId="481" Text="Phone # of Agency Contact" />
                </ArrayOfMenu>
            </Menu>
        </ArrayOfMenu>
    </Menu>
    <Menu Id="488" ParentId="0" Text="Safety: Section 1">
        <ArrayOfMenu>
            <Menu Id="489" ParentId="488" Text="# of Construction Employees" />
            <Menu Id="490" ParentId="488" Text="Hours Worked" />
            <Menu Id="491" ParentId="488" Text="Does the Applicant Firm have a written safety program?" />
            <Menu Id="492" ParentId="488" Text="Attach Safety Program" />
            <Menu Id="493" ParentId="488" Text="Provide the name and title of the highest-ranking employee of the Applicant Firm responsible for safety. Please also attach any relevant safety certifications/licenses." />
            <Menu Id="494" ParentId="488" Text="EMR (Experience Modification Rating)" />
            <Menu Id="495" ParentId="488" Text="# OSHA Recordable Cases" />
            <Menu Id="496" ParentId="488" Text="Total Days Away from Work" />
            <Menu Id="497" ParentId="488" Text="# Fatalities" />
            <Menu Id="498" ParentId="488" Text="Attach letter from insurance carrier or information page from worker&rsquo;s compensation policy indicating firm&rsquo;s EMR" />
            <Menu Id="499" ParentId="488" Text="Attach OSHA 300 log" />
        </ArrayOfMenu>
    </Menu>
    <Menu Id="500" ParentId="0" Text="Safety: Section 2">
        <ArrayOfMenu>
            <Menu Id="501" ParentId="500" Text="list the number of violations issued by OSHA as Serious, Willful, Repeat, or Failure to Abate Penalty for the current year and the past five (5) years." />
            <Menu Id="502" ParentId="500" Text="For each violation, upload a copy of the initial OSHA violation report (must include violation date, type, violation number, and nature of violation) and provide the status/outcome (including penalty or fine paid or pending) and additional details, if any." />
            <Menu Id="503" ParentId="500" Text="Has the Applicant Firm made a payment or paid a fine to settle any other OSHA violations without an admission of guilt?" />
            <Menu Id="504" ParentId="500" Text="Please Explain" />
        </ArrayOfMenu>
    </Menu>
    <Menu Id="505" ParentId="0" Text="Apprenticeship">
        <ArrayOfMenu>
            <Menu Id="506" ParentId="505" Text="At present or within the past three (3) years, has the Applicant Firm had a labor agreement with any labor union/organization with jurisdiction in the City of New York or participated in a New York State Department of Labor approved Apprentice Program?">
                <ArrayOfMenu>
                    <Menu Id="507" ParentId="506" Text="Labor Union or NYS-DOL Approved Apprenticeship Program" />
                    <Menu Id="508" ParentId="506" Text="Local Number" />
                    <Menu Id="509" ParentId="506" Text="Number of Years Affiliated" />
                    <Menu Id="510" ParentId="506" Text="Affiliated From" />
                    <Menu Id="511" ParentId="506" Text="Affiliated To" />
                    <Menu Id="512" ParentId="506" Text="Apprenticeship Program" />
                </ArrayOfMenu>
            </Menu>
        </ArrayOfMenu>
    </Menu>
    <Menu Id="513" ParentId="0" Text="Integrity: Section 1">
        <ArrayOfMenu>
            <Menu Id="514" ParentId="513" Text="At present or during the past five (5) years, has any Key Person, employee or any consultant of the Applicant Firm served as an elected official, political party officer, community board or district school board officer, or non-elected governmental appointee or employee of the New York City Department of Education (formerly the Board of Education), or New York City or New York State government?">
                <ArrayOfMenu>
                    <Menu Id="515" ParentId="514" Text="Individual Name" />
                    <Menu Id="516" ParentId="514" Text="Position" />
                    <Menu Id="517" ParentId="514" Text="Name of Organization" />
                    <Menu Id="518" ParentId="514" Text="Relationship" />
                    <Menu Id="519" ParentId="514" Text="From Date" />
                    <Menu Id="520" ParentId="514" Text="To Date" />
                </ArrayOfMenu>
            </Menu>
            <Menu Id="521" ParentId="513" Text="At present or during the past five (5) years, has the Applicant Firm, or any current or past Key People or Affiliate Firm(s) been suspended, debarred, disqualified, had its Prequalification revoked or otherwise been declared ineligible or not responsible to bid or to perform work for any reason, including failure to cooperate with any government agency?">
                <ArrayOfMenu>
                    <Menu Id="522" ParentId="521" Text="Agency" />
                    <Menu Id="523" ParentId="521" Text="Contract Number" />
                    <Menu Id="524" ParentId="521" Text="Date of Action" />
                    <Menu Id="525" ParentId="521" Text="Description of Action" />
                    <Menu Id="526" ParentId="521" Text="Agency Contact Person" />
                    <Menu Id="527" ParentId="521" Text="Phone #" />
                    <Menu Id="528" ParentId="521" Text="Select key people involved." />
                </ArrayOfMenu>
            </Menu>
            <Menu Id="529" ParentId="513" Text="At present or during the past five (5) years, has the Applicant Firm, or any current or past Key People or Affiliate Firm(s) been barred from bidding or denied a contract as a result of refusal of Key People to testify before a grand jury, administrative board or agency?">
                <ArrayOfMenu>
                    <Menu Id="530" ParentId="529" Text="Agency" />
                    <Menu Id="531" ParentId="529" Text="Contract Number" />
                    <Menu Id="532" ParentId="529" Text="Date of Action" />
                    <Menu Id="533" ParentId="529" Text="Description of Action" />
                    <Menu Id="534" ParentId="529" Text="Agency Contact Person" />
                    <Menu Id="535" ParentId="529" Text="Phone #" />
                    <Menu Id="536" ParentId="529" Text="Select key people involved." />
                </ArrayOfMenu>
            </Menu>
            <Menu Id="537" ParentId="513" Text="At present or during the past five (5) years, has the Applicant Firm, or any current or past Key People or Affiliate Firm(s) been barred from bidding or denied a contract as a result of failure to meet statutory affirmative action or Minority/Women/Local Based/Disadvantaged/Small Business Enterprise requirements?">
                <ArrayOfMenu>
                    <Menu Id="538" ParentId="537" Text="Agency" />
                    <Menu Id="539" ParentId="537" Text="Contract Number" />
                    <Menu Id="540" ParentId="537" Text="Date of Action" />
                    <Menu Id="541" ParentId="537" Text="Description of Action" />
                    <Menu Id="542" ParentId="537" Text="Agency Contact Person" />
                    <Menu Id="543" ParentId="537" Text="Phone #" />
                    <Menu Id="544" ParentId="537" Text="Select key people involved." />
                </ArrayOfMenu>
            </Menu>
            <Menu Id="545" ParentId="513" Text="At present or during the past five (5) years, has the Applicant Firm, or any current or past Key People or Affiliate Firm(s) been denied a contract despite being the low bidder for any reason?">
                <ArrayOfMenu>
                    <Menu Id="546" ParentId="545" Text="Agency" />
                    <Menu Id="547" ParentId="545" Text="Contract Number" />
                    <Menu Id="548" ParentId="545" Text="Date of Action" />
                    <Menu Id="549" ParentId="545" Text="Description of Action" />
                    <Menu Id="550" ParentId="545" Text="Agency Contact Person" />
                    <Menu Id="551" ParentId="545" Text="Phone #" />
                    <Menu Id="552" ParentId="545" Text="Select key people involved." />
                </ArrayOfMenu>
            </Menu>
            <Menu Id="553" ParentId="513" Text="At present or during the past five (5) years, has the Applicant Firm, or any current or past Key People or Affiliate Firm(s) defaulted or been defaulted on any contract?">
                <ArrayOfMenu>
                    <Menu Id="554" ParentId="553" Text="Agency" />
                    <Menu Id="555" ParentId="553" Text="Contract Number" />
                    <Menu Id="556" ParentId="553" Text="Date of Action" />
                    <Menu Id="557" ParentId="553" Text="Description of Action" />
                    <Menu Id="558" ParentId="553" Text="Agency Contact Person" />
                    <Menu Id="559" ParentId="553" Text="Phone #" />
                    <Menu Id="560" ParentId="553" Text="Select key people involved." />
                </ArrayOfMenu>
            </Menu>
            <Menu Id="561" ParentId="513" Text="At present or during the past five (5) years, has the Applicant Firm, or any current or past Key People or Affiliate Firm(s) had a contract terminated?">
                <ArrayOfMenu>
                    <Menu Id="562" ParentId="561" Text="Agency" />
                    <Menu Id="563" ParentId="561" Text="Contract Number" />
                    <Menu Id="564" ParentId="561" Text="Date of Action" />
                    <Menu Id="565" ParentId="561" Text="Description of Action" />
                    <Menu Id="566" ParentId="561" Text="Agency Contact Person" />
                    <Menu Id="567" ParentId="561" Text="Phone #" />
                    <Menu Id="568" ParentId="561" Text="Select key people involved." />
                </ArrayOfMenu>
            </Menu>
            <Menu Id="569" ParentId="513" Text="At present or during the past five (5) years, has the Applicant Firm, or any current or past Key People or Affiliate Firm(s) been given a final unsatisfactory performance determination or deemed a poor performer (by letter or formal proceedings?">
                <ArrayOfMenu>
                    <Menu Id="570" ParentId="569" Text="Agency" />
                    <Menu Id="571" ParentId="569" Text="Contract Number" />
                    <Menu Id="572" ParentId="569" Text="Date of Action" />
                    <Menu Id="573" ParentId="569" Text="Description of Action" />
                    <Menu Id="574" ParentId="569" Text="Agency Contact Person" />
                    <Menu Id="575" ParentId="569" Text="Phone #" />
                    <Menu Id="576" ParentId="569" Text="Select key people involved." />
                </ArrayOfMenu>
            </Menu>
            <Menu Id="577" ParentId="513" Text="At present or during the past five (5) years, has the Applicant Firm, or any current or past Key People or Affiliate Firm(s) been prevented, barred or agreed to voluntarily refrain from bidding for any reason?">
                <ArrayOfMenu>
                    <Menu Id="578" ParentId="577" Text="Agency" />
                    <Menu Id="579" ParentId="577" Text="Contract Number" />
                    <Menu Id="580" ParentId="577" Text="Date of Action" />
                    <Menu Id="581" ParentId="577" Text="Description of Action" />
                    <Menu Id="582" ParentId="577" Text="Agency Contact Person" />
                    <Menu Id="583" ParentId="577" Text="Phone #" />
                    <Menu Id="584" ParentId="577" Text="Select key people involved." />
                </ArrayOfMenu>
            </Menu>
            <Menu Id="585" ParentId="513" Text="At present or during the past five (5) years, has the Applicant Firm, or any current or past Key People or Affiliate Firm(s) been denied a contract for failure to obtain surety or otherwise provide required security?">
                <ArrayOfMenu>
                    <Menu Id="586" ParentId="585" Text="Agency" />
                    <Menu Id="587" ParentId="585" Text="Contract Number" />
                    <Menu Id="588" ParentId="585" Text="Date of Action" />
                    <Menu Id="589" ParentId="585" Text="Description of Action" />
                    <Menu Id="590" ParentId="585" Text="Agency Contact Person" />
                    <Menu Id="591" ParentId="585" Text="Phone #" />
                    <Menu Id="592" ParentId="585" Text="Select key people involved." />
                </ArrayOfMenu>
            </Menu>
            <Menu Id="593" ParentId="513" Text="At present or during the past five (5) years, has the Applicant Firm, or any current or past Key People or Affiliate Firm(s) had liquidated damages assessed against it upon completion of a contract?">
                <ArrayOfMenu>
                    <Menu Id="594" ParentId="593" Text="Agency" />
                    <Menu Id="595" ParentId="593" Text="Contract Number" />
                    <Menu Id="596" ParentId="593" Text="Date of Action" />
                    <Menu Id="597" ParentId="593" Text="Description of Action" />
                    <Menu Id="598" ParentId="593" Text="Agency Contact Person" />
                    <Menu Id="599" ParentId="593" Text="Phone #" />
                    <Menu Id="600" ParentId="593" Text="Select key people involved." />
                </ArrayOfMenu>
            </Menu>
            <Menu Id="601" ParentId="513" Text="At present or during the past five (5) years, has the Applicant Firm, or any current or past Key People or Affiliate Firm(s) either withdrawn or had any business related licenses, certificates or certifications revoked, rescinded, surrendered, suspended or otherwise restricted or sanctioned by a licensing body or agency?">
                <ArrayOfMenu>
                    <Menu Id="602" ParentId="601" Text="Agency" />
                    <Menu Id="603" ParentId="601" Text="Contract Number" />
                    <Menu Id="604" ParentId="601" Text="Date of Action" />
                    <Menu Id="605" ParentId="601" Text="Description of Action" />
                    <Menu Id="606" ParentId="601" Text="Agency Contact Person" />
                    <Menu Id="607" ParentId="601" Text="Phone #" />
                    <Menu Id="608" ParentId="601" Text="Select key people involved." />
                </ArrayOfMenu>
            </Menu>
        </ArrayOfMenu>
    </Menu>
    <Menu Id="609" ParentId="0" Text="Integrity: Section 2">
        <ArrayOfMenu>
            <Menu Id="610" ParentId="609" Text="At present or during the past five (5) years, has the Applicant Firm, or any current or past Key People or Affiliate Firms been a plaintiff, defendant, petitioner or respondent in any lawsuits arising out of a public or private construction project?">
                <ArrayOfMenu>
                    <Menu Id="611" ParentId="610" Text="Caption or Action" />
                    <Menu Id="612" ParentId="610" Text="Was the applicant firm / key person / affiliate a plaintiff or defendant?" />
                    <Menu Id="613" ParentId="610" Text="Court" />
                    <Menu Id="614" ParentId="610" Text="Index Number" />
                    <Menu Id="615" ParentId="610" Text="Docket Number" />
                    <Menu Id="616" ParentId="610" Text="Date" />
                    <Menu Id="617" ParentId="610" Text="Status and Summary" />
                </ArrayOfMenu>
            </Menu>
            <Menu Id="618" ParentId="609" Text="At present or during the past five (5) years, has the Applicant Firm, or any current or past Key People or Affiliate Firms been a plaintiff, defendant, petitioner or respondent in any lawsuit with any governmental agency?">
                <ArrayOfMenu>
                    <Menu Id="619" ParentId="618" Text="Caption or Action" />
                    <Menu Id="620" ParentId="618" Text="Was the applicant firm / key person / affiliate a plaintiff or defendant?" />
                    <Menu Id="621" ParentId="618" Text="Court" />
                    <Menu Id="622" ParentId="618" Text="Index Number" />
                    <Menu Id="623" ParentId="618" Text="Docket Number" />
                    <Menu Id="624" ParentId="618" Text="Date" />
                    <Menu Id="625" ParentId="618" Text="Status and Summary" />
                </ArrayOfMenu>
            </Menu>
            <Menu Id="626" ParentId="609" Text="At present or during the past five (5) years, has the Applicant Firm, or any current or past Key People or Affiliate Firms been a plaintiff, defendant, petitioner or respondent in any lawsuit concerning an allegation of unfair or unethical business practices?">
                <ArrayOfMenu>
                    <Menu Id="627" ParentId="626" Text="Caption or Action" />
                    <Menu Id="628" ParentId="626" Text="Was the applicant firm / key person / affiliate a plaintiff or defendant?" />
                    <Menu Id="629" ParentId="626" Text="Court" />
                    <Menu Id="630" ParentId="626" Text="Index Number" />
                    <Menu Id="631" ParentId="626" Text="Docket Number" />
                    <Menu Id="632" ParentId="626" Text="Date" />
                    <Menu Id="633" ParentId="626" Text="Status and Summary" />
                </ArrayOfMenu>
            </Menu>
            <Menu Id="634" ParentId="609" Text="At present or during the past ten (10) years has the Applicant Firm, or any of its current or past Key People or Affiliate Firm(s) been under any investigation concerning an alleged violation of criminal law?">
                <ArrayOfMenu>
                    <Menu Id="635" ParentId="634" Text="Agency or Court Involved" />
                    <Menu Id="636" ParentId="634" Text="Nature of Action" />
                    <Menu Id="637" ParentId="634" Text="Person/Entity Named" />
                    <Menu Id="638" ParentId="634" Text="Filing Date" />
                    <Menu Id="639" ParentId="634" Text="Status or Outcome" />
                </ArrayOfMenu>
            </Menu>
            <Menu Id="640" ParentId="609" Text="At present or during the past ten (10) years has the Applicant Firm, or any of its current or past Key People or Affiliate Firm(s) been advised that any of them were the target or subject of an investigation involving any violations of criminal law?">
                <ArrayOfMenu>
                    <Menu Id="641" ParentId="640" Text="Agency or Court Involved" />
                    <Menu Id="642" ParentId="640" Text="Nature of Action" />
                    <Menu Id="643" ParentId="640" Text="Person/Entity Named" />
                    <Menu Id="644" ParentId="640" Text="Filing Date" />
                    <Menu Id="645" ParentId="640" Text="Status or Outcome" />
                </ArrayOfMenu>
            </Menu>
            <Menu Id="646" ParentId="609" Text="At present or during the past ten (10) years has the Applicant Firm, or any of its current or past Key People or Affiliate Firm(s) been notified that any Key Person&rsquo;s communications or those of Applicant Firm or any of its Affiliate Firms were intercepted or that telephone instruments or premises used by any such person or entity were the subject of court ordered electronic surveillance?">
                <ArrayOfMenu>
                    <Menu Id="647" ParentId="646" Text="Agency or Court Involved" />
                    <Menu Id="648" ParentId="646" Text="Nature of Action" />
                    <Menu Id="649" ParentId="646" Text="Person/Entity Named" />
                    <Menu Id="650" ParentId="646" Text="Filing Date" />
                    <Menu Id="651" ParentId="646" Text="Status or Outcome" />
                </ArrayOfMenu>
            </Menu>
            <Menu Id="652" ParentId="609" Text="At present or during the past ten (10) years has the Applicant Firm, or any of its current or past Key People or Affiliate Firm(s) been arrested, indicted or named as a defendant or unindicted co-conspirator in any complaint, indictment or other accusatory instrument?">
                <ArrayOfMenu>
                    <Menu Id="653" ParentId="652" Text="Agency or Court Involved" />
                    <Menu Id="654" ParentId="652" Text="Nature of Action" />
                    <Menu Id="655" ParentId="652" Text="Person/Entity Named" />
                    <Menu Id="656" ParentId="652" Text="Filing Date" />
                    <Menu Id="657" ParentId="652" Text="Status or Outcome" />
                </ArrayOfMenu>
            </Menu>
            <Menu Id="658" ParentId="609" Text="At present or during the past ten (10) years has the Applicant Firm, or any of its current or past Key People or Affiliate Firm(s) been convicted, after trial or by plea, of any felony under local, state or federal law?">
                <ArrayOfMenu>
                    <Menu Id="659" ParentId="658" Text="Agency or Court Involved" />
                    <Menu Id="660" ParentId="658" Text="Nature of Action" />
                    <Menu Id="661" ParentId="658" Text="Person/Entity Named" />
                    <Menu Id="662" ParentId="658" Text="Filing Date" />
                    <Menu Id="663" ParentId="658" Text="Status or Outcome" />
                </ArrayOfMenu>
            </Menu>
            <Menu Id="664" ParentId="609" Text="At present or during the past ten (10) years has the Applicant Firm, or any of its current or past Key People or Affiliate Firm(s) been convicted of any misdemeanor concerning business-related conduct or involving moral turpitude?">
                <ArrayOfMenu>
                    <Menu Id="665" ParentId="664" Text="Agency or Court Involved" />
                    <Menu Id="666" ParentId="664" Text="Nature of Action" />
                    <Menu Id="667" ParentId="664" Text="Person/Entity Named" />
                    <Menu Id="668" ParentId="664" Text="Filing Date" />
                    <Menu Id="669" ParentId="664" Text="Status or Outcome" />
                </ArrayOfMenu>
            </Menu>
            <Menu Id="670" ParentId="609" Text="At present or during the past ten (10) years has the Applicant Firm, or any of its current or past Key People or Affiliate Firm(s) pleaded to a violation or entered a plea of nolo contendere to a charge concerning or related to embezzlement, theft, forgery, bribery, falsification or destruction of records, receiving stolen property or a violation of the antitrust law?">
                <ArrayOfMenu>
                    <Menu Id="671" ParentId="670" Text="Agency or Court Involved" />
                    <Menu Id="672" ParentId="670" Text="Nature of Action" />
                    <Menu Id="673" ParentId="670" Text="Person/Entity Named" />
                    <Menu Id="674" ParentId="670" Text="Filing Date" />
                    <Menu Id="675" ParentId="670" Text="Status or Outcome" />
                </ArrayOfMenu>
            </Menu>
            <Menu Id="676" ParentId="609" Text="At present or during the past ten (10) years has the Applicant Firm, or any of its current or past Key People or Affiliate Firm(s) entered into a consent decree, been the subject of a court order, including but not limited to preliminary or permanent injunctions or restraining orders, restricting or concerning business-related conduct, or retained an individual or entity to monitor the safety and/or business operations of the applicant firm, or entered into an agreement with an Independent Private Sector Inspector General (IPSIG)?">
                <ArrayOfMenu>
                    <Menu Id="677" ParentId="676" Text="Agency or Court Involved" />
                    <Menu Id="678" ParentId="676" Text="Nature of Action" />
                    <Menu Id="679" ParentId="676" Text="Person/Entity Named" />
                    <Menu Id="813" ParentId="676" Text="Filing Date" />
                    <Menu Id="814" ParentId="676" Text="Status or Outcome" />
                </ArrayOfMenu>
            </Menu>
            <Menu Id="815" ParentId="609" Text="At present or during the past ten (10) years has the Applicant Firm, or any of its current or past Key People or Affiliate Firm(s) been granted immunity from prosecution or from the use of any testimony by court order or the action of a grand jury?">
                <ArrayOfMenu>
                    <Menu Id="816" ParentId="672" Text="Agency or Court Involved" />
                    <Menu Id="817" ParentId="672" Text="Nature of Action" />
                    <Menu Id="819" ParentId="672" Text="Person/Entity Named" />
                    <Menu Id="820" ParentId="672" Text="Filing Date" />
                    <Menu Id="821" ParentId="672" Text="Status or Outcome" />
                </ArrayOfMenu>
            </Menu>
            <Menu Id="822" ParentId="609" Text="At present or during the past ten (10) years has the Applicant Firm, or any of its current or past Key People or Affiliate Firm(s) invoked the Fifth Amendment in response to any question as a witness in any legal proceeding before any court, grand jury, or other governmental agency?">
                <ArrayOfMenu>
                    <Menu Id="823" ParentId="678" Text="Agency or Court Involved" />
                    <Menu Id="680" ParentId="678" Text="Nature of Action" />
                    <Menu Id="681" ParentId="678" Text="Person/Entity Named" />
                    <Menu Id="682" ParentId="678" Text="Filing Date" />
                    <Menu Id="683" ParentId="678" Text="Status or Outcome" />
                </ArrayOfMenu>
            </Menu>
            <Menu Id="684" ParentId="609" Text="At present or during the past ten (10) years has the Applicant Firm, or any of its current or past Key People or Affiliate Firm(s) been promised by any prosecutor, orally or in writing, that their statements or testimony would not be used against them?">
                <ArrayOfMenu>
                    <Menu Id="685" ParentId="684" Text="Agency or Court Involved" />
                    <Menu Id="686" ParentId="684" Text="Nature of Action" />
                    <Menu Id="687" ParentId="684" Text="Person/Entity Named" />
                    <Menu Id="688" ParentId="684" Text="Filing Date" />
                    <Menu Id="689" ParentId="684" Text="Status or Outcome" />
                </ArrayOfMenu>
            </Menu>
        </ArrayOfMenu>
    </Menu>
    <Menu Id="690" ParentId="0" Text="Integrity: Section 3">
        <ArrayOfMenu>
            <Menu Id="691" ParentId="690" Text="At present or during the past ten (10) years has the Applicant Firm, any of its current or past Key People or Affiliate Firm(s) been the subject of an investigation, or named as a defendant in a lawsuit, by a public agency concerning any alleged civil violation of a state or federal anti-racketeering, organized crime control or antitrust statute (including, but not limited to the Federal Racketeering Influenced Corrupt Organization law, and the New York State Crime Control Act)?">
                <ArrayOfMenu>
                    <Menu Id="692" ParentId="691" Text="Agency or Court Involved" />
                    <Menu Id="693" ParentId="691" Text="Nature of Investigation/Charges" />
                    <Menu Id="694" ParentId="691" Text="Person/Entity Named" />
                    <Menu Id="695" ParentId="691" Text="Date of Charges" />
                    <Menu Id="696" ParentId="691" Text="Status or Outcome" />
                </ArrayOfMenu>
            </Menu>
            <Menu Id="697" ParentId="690" Text="At present or during the past ten (10) years has the Applicant Firm, any of its current or past Key People or Affiliate Firm(s) been the subject of an investigation by any public regulatory agency including, but not limited to, the U.S. Department of Housing and Urban Development (HUD), the U.S. Environmental Protection Agency (EPA) or the U.S. Securities and Exchange Commission (SEC), the U.S. Immigration and Naturalization Service or the equivalent public agencies of any state?">
                <ArrayOfMenu>
                    <Menu Id="698" ParentId="697" Text="Agency or Court Involved" />
                    <Menu Id="699" ParentId="697" Text="Nature of Investigation/Charges" />
                    <Menu Id="700" ParentId="697" Text="Person/Entity Named" />
                    <Menu Id="701" ParentId="697" Text="Date of Charges" />
                    <Menu Id="702" ParentId="697" Text="Status or Outcome" />
                </ArrayOfMenu>
            </Menu>
            <Menu Id="703" ParentId="690" Text="At present or during the past ten (10) years has the Applicant Firm, any of its current or past Key People or Affiliate Firm(s) been the subject of an investigation or any other administrative, statutory or regulatory violations?">
                <ArrayOfMenu>
                    <Menu Id="704" ParentId="703" Text="Agency or Court Involved" />
                    <Menu Id="705" ParentId="703" Text="Nature of Investigation/Charges" />
                    <Menu Id="706" ParentId="703" Text="Person/Entity Named" />
                    <Menu Id="707" ParentId="703" Text="Date of Charges" />
                    <Menu Id="708" ParentId="703" Text="Status or Outcome" />
                </ArrayOfMenu>
            </Menu>
            <Menu Id="709" ParentId="690" Text="At present or during the past ten (10) years has the Applicant Firm, any of its current or past Key People or Affiliate Firm(s) been the subject of an investigation or paid a fine or made a payment to settle any of the above without an admission of guilt?">
                <ArrayOfMenu>
                    <Menu Id="710" ParentId="709" Text="Agency or Court Involved" />
                    <Menu Id="711" ParentId="709" Text="Nature of Investigation/Charges" />
                    <Menu Id="712" ParentId="709" Text="Person/Entity Named" />
                    <Menu Id="713" ParentId="709" Text="Date of Charges" />
                    <Menu Id="714" ParentId="709" Text="Status or Outcome" />
                </ArrayOfMenu>
            </Menu>
            <Menu Id="715" ParentId="690" Text="At present or during the past ten (10) years has the Applicant Firm, any of its current or past Key People or Affiliate Firm(s) had any administrative charges filed by any public agency that are pending as of the date of this application?">
                <ArrayOfMenu>
                    <Menu Id="716" ParentId="715" Text="Agency or Court Involved" />
                    <Menu Id="717" ParentId="715" Text="Nature of Investigation/Charges" />
                    <Menu Id="718" ParentId="715" Text="Person/Entity Named" />
                    <Menu Id="719" ParentId="715" Text="Date of Charges" />
                    <Menu Id="720" ParentId="715" Text="Status or Outcome" />
                </ArrayOfMenu>
            </Menu>
            <Menu Id="721" ParentId="690" Text="At present or during the past ten (10) years has the Applicant Firm, any of its current or past Key people or Affiliate Firm been under investigation or cited for, entered into a settlement agreement concerning or found to have committed a violation of any local, state, or federal labor law or regulation including prevailing wage rates and fair labor practices?">
                <ArrayOfMenu>
                    <Menu Id="722" ParentId="721" Text="Agency or Court Involved" />
                    <Menu Id="723" ParentId="721" Text="Nature of Violation" />
                    <Menu Id="724" ParentId="721" Text="Person/Entity Named" />
                    <Menu Id="725" ParentId="721" Text="Date of Charges" />
                    <Menu Id="726" ParentId="721" Text="Status or Outcome" />
                </ArrayOfMenu>
            </Menu>
        </ArrayOfMenu>
    </Menu>
    <Menu Id="727" ParentId="0" Text="Integrity: Section 4">
        <ArrayOfMenu>
            <Menu Id="728" ParentId="727" Text="At present or during the past ten (10) years has the Applicant Firm, any of its current or past Key People or Affiliate Firm(s) filed with, or submitted to a government agency, or any employee or representative thereof, by any means, including, but not limited to, telefax, e-mail, or any other form of electronic communication, any document which any Key Person of the Applicant Firm knew to contain a false statement or false information?">
                <ArrayOfMenu>
                    <Menu Id="729" ParentId="728" Text="Please describe in detail" />
                    <Menu Id="730" ParentId="728" Text="Select key people involved." />
                    <Menu Id="731" ParentId="728" Text="From Date" />
                    <Menu Id="732" ParentId="728" Text="To Date" />
                </ArrayOfMenu>
            </Menu>
            <Menu Id="733" ParentId="727" Text="At present or during the past ten (10) years has the Applicant Firm, any of its current or past Key People or Affiliate Firm(s) falsification of business records?">
                <ArrayOfMenu>
                    <Menu Id="734" ParentId="733" Text="Please describe in detail" />
                    <Menu Id="735" ParentId="733" Text="Select key people involved." />
                    <Menu Id="736" ParentId="733" Text="From Date" />
                    <Menu Id="737" ParentId="733" Text="To Date" />
                </ArrayOfMenu>
            </Menu>
            <Menu Id="738" ParentId="727" Text="At present or during the past ten (10) years has the Applicant Firm, any of its current or past Key People or Affiliate Firm(s) given, or offered to give, money, gifts or anything of value or any other benefit to a labor official or public servant with intent to influence that labor official or public servant with respect to any of his or her official acts, duties or decisions as a labor official or public servant?">
                <ArrayOfMenu>
                    <Menu Id="739" ParentId="738" Text="Please describe in detail" />
                    <Menu Id="740" ParentId="738" Text="Select key people involved." />
                    <Menu Id="741" ParentId="738" Text="From Date" />
                    <Menu Id="742" ParentId="738" Text="To Date" />
                </ArrayOfMenu>
            </Menu>
            <Menu Id="743" ParentId="727" Text="At present or during the past ten (10) years has the Applicant Firm, any of its current or past Key People or Affiliate Firm(s) given or offered to give, money, gifts or anything of value or any benefit to a labor official or public servant for any reason?">
                <ArrayOfMenu>
                    <Menu Id="744" ParentId="743" Text="Please describe in detail" />
                    <Menu Id="745" ParentId="743" Text="Select key people involved." />
                    <Menu Id="746" ParentId="743" Text="From Date" />
                    <Menu Id="747" ParentId="743" Text="To Date" />
                </ArrayOfMenu>
            </Menu>
            <Menu Id="748" ParentId="727" Text="At present or during the past ten (10) years has the Applicant Firm, any of its current or past Key People or Affiliate Firm(s) given, or offered to give, money or other benefit to an official or employee of a private business with intent to induce that official or employee to engage in unethical or illegal business practices?">
                <ArrayOfMenu>
                    <Menu Id="749" ParentId="748" Text="Please describe in detail" />
                    <Menu Id="750" ParentId="748" Text="Select key people involved." />
                    <Menu Id="751" ParentId="748" Text="From Date" />
                    <Menu Id="752" ParentId="748" Text="To Date" />
                </ArrayOfMenu>
            </Menu>
            <Menu Id="753" ParentId="727" Text="At present or during the past ten (10) years has the Applicant Firm, any of its current or past Key People or Affiliate Firm(s) received or been approached to receive money, gifts, other inducement or anything of value from an employee or officer of a private business for the purpose of inducing a key person to engage in unethical or illegal business practices?">
                <ArrayOfMenu>
                    <Menu Id="754" ParentId="753" Text="Please describe in detail" />
                    <Menu Id="755" ParentId="753" Text="Select key people involved." />
                    <Menu Id="756" ParentId="753" Text="From Date" />
                    <Menu Id="757" ParentId="753" Text="To Date" />
                </ArrayOfMenu>
            </Menu>
            <Menu Id="758" ParentId="727" Text="At present or during the past ten (10) years has the Applicant Firm, any of its current or past Key People or Affiliate Firm(s) agreed with another person to submit a proposal or price or bid below prevailing market rate?">
                <ArrayOfMenu>
                    <Menu Id="759" ParentId="758" Text="Please describe in detail" />
                    <Menu Id="760" ParentId="758" Text="Select key people involved." />
                    <Menu Id="761" ParentId="758" Text="From Date" />
                    <Menu Id="762" ParentId="758" Text="To Date" />
                </ArrayOfMenu>
            </Menu>
            <Menu Id="763" ParentId="727" Text="At present or during the past ten (10) years has the Applicant Firm, any of its current or past Key People or Affiliate Firm(s) agreed with another person to submit identical or complimentary bids, prices or proposals or otherwise not to bid competitively or agree to withdraw or abstain from bidding?">
                <ArrayOfMenu>
                    <Menu Id="764" ParentId="763" Text="Please describe in detail" />
                    <Menu Id="765" ParentId="763" Text="Select key people involved." />
                    <Menu Id="766" ParentId="763" Text="From Date" />
                    <Menu Id="767" ParentId="763" Text="To Date" />
                </ArrayOfMenu>
            </Menu>
            <Menu Id="768" ParentId="727" Text="At present or during the past ten (10) years has the Applicant Firm, any of its current or past Key People or Affiliate Firm(s) agreed with another person not to submit competitive bids, prices or proposals in another&rsquo;s territory established either by geography or customers?">
                <ArrayOfMenu>
                    <Menu Id="769" ParentId="768" Text="Please describe in detail" />
                    <Menu Id="770" ParentId="768" Text="Select key people involved." />
                    <Menu Id="771" ParentId="768" Text="From Date" />
                    <Menu Id="772" ParentId="768" Text="To Date" />
                </ArrayOfMenu>
            </Menu>
            <Menu Id="773" ParentId="727" Text="At present or during the past ten (10) years has the Applicant Firm, any of its current or past Key People or Affiliate Firm(s) agreed with another person to take turns in obtaining contracts by pre-determining which firm shall submit the lowest bid, price or proposal?">
                <ArrayOfMenu>
                    <Menu Id="774" ParentId="773" Text="Please describe in detail" />
                    <Menu Id="775" ParentId="773" Text="Select key people involved." />
                    <Menu Id="776" ParentId="773" Text="From Date" />
                    <Menu Id="777" ParentId="773" Text="To Date" />
                </ArrayOfMenu>
            </Menu>
        </ArrayOfMenu>
    </Menu>
    <Menu Id="778" ParentId="0" Text="Local Business Enterprise">
        <ArrayOfMenu>
            <Menu Id="779" ParentId="778" Text="How many workers do you currently employ?" />
            <Menu Id="780" ParentId="778" Text="# African American Employees" />
            <Menu Id="781" ParentId="778" Text="# Hispanic Employees" />
            <Menu Id="782" ParentId="778" Text="# Asian Employees" />
            <Menu Id="783" ParentId="778" Text="# White Employees" />
            <Menu Id="784" ParentId="778" Text="# Other Ethnicity Employees" />
            <Menu Id="785" ParentId="778" Text="Total number of employees considered economically disadvantaged?" />
            <Menu Id="786" ParentId="778" Text="Are any of your employees &quot;economically disadvantaged&quot;?">
                <ArrayOfMenu>
                    <Menu Id="787" ParentId="786" Text="Attach Attachment A" />
                    <Menu Id="788" ParentId="786" Text="Employee Name" />
                    <Menu Id="789" ParentId="786" Text="Trade/Job Title" />
                    <Menu Id="824" ParentId="786" Text="Date Hired" />
                </ArrayOfMenu>
            </Menu>
        </ArrayOfMenu>
    </Menu>
    <Menu Id="825" ParentId="0" Text="MWLBE Programs">
        <ArrayOfMenu>
            <Menu Id="826" ParentId="781" Text="Do you want to be certified by the SCA?" />
            <Menu Id="827" ParentId="781" Text="Which certification(s) would you like to request?" />
            <Menu Id="828" ParentId="781" Text="Is the Applicant Firm interested in applying to the SCA&rsquo;s Mentor Program?" />
            <Menu Id="829" ParentId="781" Text="Has the firm applied for or received a determination for certification as an M/WBE with another government agency, department or authority?">
                <ArrayOfMenu>
                    <Menu Id="830" ParentId="785" Text="Agency" />
                    <Menu Id="831" ParentId="785" Text="Date" />
                    <Menu Id="832" ParentId="785" Text="Contact Person" />
                    <Menu Id="833" ParentId="785" Text="Phone #" />
                    <Menu Id="790" ParentId="785" Text="MWLBE Status" />
                    <Menu Id="791" ParentId="785" Text="Attach Certification" />
                </ArrayOfMenu>
            </Menu>
            <Menu Id="792" ParentId="781" Text="Are there appeals pending on any of the above applications or certifications?">
                <ArrayOfMenu>
                    <Menu Id="793" ParentId="792" Text="Agency" />
                    <Menu Id="794" ParentId="792" Text="Date of Appeal" />
                    <Menu Id="795" ParentId="792" Text="Contact Person" />
                    <Menu Id="796" ParentId="792" Text="Phone #" />
                </ArrayOfMenu>
            </Menu>
            <Menu Id="797" ParentId="781" Text="Has the Applicant Firm ever been denied or rejected certification for any of the preceding designations? or had its certification revoked?" />
            <Menu Id="798" ParentId="781" Text="Has the Applicant Firm ever had its certification rescinded?" />
            <Menu Id="799" ParentId="781" Text="How did you hear about the SCA MWLBE certification program?" />
            <Menu Id="800" ParentId="781" Text="Do you want to generate a copy of your completed uniform certification application to send to other certifying agencies, under an agreed MOU?" />
        </ArrayOfMenu>
    </Menu>
    <Menu Id="801" ParentId="0" Text="Additional Documents">
        <ArrayOfMenu>
            <Menu Id="802" ParentId="801" Text="Supporting Documents" />
            <Menu Id="803" ParentId="801" Text="Financial Statements" />
        </ArrayOfMenu>
    </Menu>
    <Menu Id="804" ParentId="0" Text="Marketing Material">
        <ArrayOfMenu>
            <Menu Id="805" ParentId="804" Text="Current Logo" />
            <Menu Id="806" ParentId="804" Text="Current Company or Personal Picture" />
            <Menu Id="807" ParentId="804" Text="Products and Services" />
        </ArrayOfMenu>
    </Menu>
    <Menu Id="808" ParentId="0" Text="Submit Form">
        <ArrayOfMenu>
            <Menu Id="809" ParentId="808" Text="Name" />
            <Menu Id="810" ParentId="808" Text="Title" />
            <Menu Id="811" ParentId="808" Text="Phone #" />
            <Menu Id="812" ParentId="808" Text="Email Address" />
        </ArrayOfMenu>
    </Menu>
</ArrayOfMenu>