<?xml version="1.0" encoding="utf-8" ?>
<ArrayOfSetting>
	<Setting id="1" name="ADVERTISING COMPANY OUTDOOR &amp; DRIVERS" value="9549" />
	<Setting id="2" name="ARCHITECT - CONSULTING" value="8601" />
	<Setting id="3" name="ASBESTOS CONTRACTOR" value="5473" />
	<Setting id="4" name="ASPHALT WORKS &amp; DRIVERS" value="1463" />
	<Setting id="5" name="AUTOMATIC SPRINKLER INSTALLATION &amp; DRIVERS" value="5188" />
	<Setting id="6" name="AWNING ERECTION &amp; DRIVERS" value="9539" />
	<Setting id="7" name="BILL POSTING &amp; DRIVERS" value="9545" />
	<Setting id="8" name="BOILER INSTALL OR REPAIR-STEAM" value="3726" />
	<Setting id="9" name="BOILER INSULATING &amp; DRIVERS" value="5184" />
	<Setting id="10" name="BOILER SCALING" value="3726" />
	<Setting id="11" name="BREAKWATER CONST-ALL OPER &amp; DRIVERS" value="6005" />
	<Setting id="12" name="BUILDING OPERATIONS - COMMERCIAL" value="9026" />
	<Setting id="13" name="BUILDING RAISING OR MOVING &amp; DRIVERS" value="5703" />
	<Setting id="14" name="BUILDING SERVICE CONTRACTOR" value="9030" />
	<Setting id="15" name="CABINET WORK INSTALLATION" value="5429" />
	<Setting id="16" name="CABLE INSTALL CONDUITS OR SUBWAYS" value="7536" />
	<Setting id="17" name="CAISSON WORK-ALL OPERATIONS" value="6252" />
	<Setting id="18" name="CANVAS ERECTION &amp; DRIVERS" value="9539" />
	<Setting id="19" name="CARPENTRY DETACHED DWELLINGS" value="5645" />
	<Setting id="20" name="CARPENTRY DWELL-TO 3 STYS OR LESS" value="5651" />
	<Setting id="21" name="CARPENTRY NOC" value="5403" />
	<Setting id="22" name="CARPET INSTALL &amp; DRIVERS" value="9521" />
	<Setting id="23" name="CARRIER SYSTEM INSTALL OR REPAIR &amp; DRIVERS" value="5183" />
	<Setting id="24" name="CHIMNEY CONSTRUCTION-NOT METAL" value="5000" />
	<Setting id="25" name="CHIMNEY LINING-NOT METAL" value="5000" />
	<Setting id="26" name="CLEANERS-REMOVAL OF DEBRIS" value="5610" />
	<Setting id="27" name="CLEANING OUTSIDE BLDG. SURFACE &amp; DRIVERS" value="9025" />
	<Setting id="28" name="COFFERDAM WORK-ALL OPERATIONS" value="6252" />
	<Setting id="29" name="CONCRETE CONST BRIDGES OR CULVERTS" value="5222" />
	<Setting id="30" name="CONCRETE CONSTRUCTION NOC" value="5213" />
	<Setting id="31" name="CONCRETE WORK FLOORS DRIVEWAYS &amp; DRIVERS" value="5221" />
	<Setting id="32" name="CONDUIT CONST FOR CABLE OR WIRE &amp; DRIVERS" value="6325" />
	<Setting id="33" name="CONSTRUCTION PR ERECT PERM YARD" value="8227" />
	<Setting id="34" name="CONTRACTORS-EXECUTIVE SUPERVISORS" value="5606" />
	<Setting id="35" name="DAM CONSTRUCTION-CONCRETE WORK" value="6017" />
	<Setting id="36" name="DAM CONSTRUCTION-EARTH MOVING" value="6018" />
	<Setting id="37" name="DECORATING INTERIOR OR EXTERIOR &amp; DRIVERS" value="9539" />
	<Setting id="38" name="DETECTIVE AGENCY &amp; DRIVERS" value="7723" />
	<Setting id="39" name="DIKE CONSTR &amp; DRIVERS" value="6005" />
	<Setting id="40" name="DOOR FRAME SASH-ERECT-METAL" value="5102" />
	<Setting id="41" name="DRAINAGE-SYSTEM CONST &amp; DRIVERS" value="6229" />
	<Setting id="42" name="DRILLING NOC &amp; DRIVERS" value="6204" />
	<Setting id="43" name="DRILLING OIL OR GAS WELLS &amp; DRIVERS" value="6235" />
	<Setting id="44" name="ELEC LIGHT OR POWER CO-ALL EMPL &amp; DRIVERS" value="7539" />
	<Setting id="45" name="ELEC LIGHT OR POWER LINE CONST &amp; DRIVERS" value="7538" />
	<Setting id="46" name="ELECTRICAL APPARATUS INST. NOC &amp; DRIVERS" value="3724" />
	<Setting id="47" name="ELECTRICAL APPARATUS REPAIR &amp; DRIVERS" value="3737" />
	<Setting id="48" name="ELECTRICAL WIRING-IN BLDGS &amp; DRIVERS" value="5190" />
	<Setting id="49" name="ELEVATOR ERECTION OR REPAIR" value="5160" />
	<Setting id="50" name="ENGINEER - CONSULTING" value="8601" />
	<Setting id="51" name="EXCAVATION NOC &amp; DRIVERS" value="6217" />
	<Setting id="52" name="EXCAVATION-ROCK &amp; DRIVERS" value="5508" />
	<Setting id="53" name="FENCE ERECTION-METAL" value="6400" />
	<Setting id="54" name="FINISHED WOODEN FLOOR-INSTALL" value="5429" />
	<Setting id="55" name="FURNITURE OR FIXTURE INSTALL NOC" value="5429" />
	<Setting id="56" name="GAS BURNER-INSTALL OR REPAIR" value="5193" />
	<Setting id="57" name="GAS LEASE WORK NOC BY CONTR &amp; DRIVERS" value="6216" />
	<Setting id="58" name="GAS MAIN CONSTRUCT &amp; DRIVERS" value="6319" />
	<Setting id="59" name="GEOPHYSICAL EXPLORATION SEISMIC &amp; DRIVERS" value="5508" />
	<Setting id="60" name="GLAZIERS AWAY FROM SHOP" value="5462" />
	<Setting id="61" name="GRADING OF LAND NOC &amp; DRIVERS" value="6217" />
	<Setting id="62" name="GREENHOUSE-ERECTION-ALL OPERATIONS" value="5402" />
	<Setting id="63" name="GUNITING-ALL OPER-NOT CHIMNEY &amp; DRIVERS" value="5213" />
	<Setting id="64" name="HEATING AND AIR COND. DUCT WORK &amp; DRIVERS" value="5536" />
	<Setting id="65" name="HOT HOUSE-ERECTION-ALL OPERATIONS" value="5402" />
	<Setting id="66" name="INSULATION WORK NOC &amp; DRIVERS" value="5479" />
	<Setting id="67" name="INSULATION-BOILERS,STEAMPIPES &amp; DRIVERS" value="5184" />
	<Setting id="68" name="IRON BRASS BRONZE-ERECT-DECORATIVE" value="5102" />
	<Setting id="69" name="IRON BRASS BRONZE-ERECT-NON STRUCT" value="5102" />
	<Setting id="70" name="IRON OR STEEL-ERECT BLDG-EXTERIOR" value="5040" />
	<Setting id="71" name="IRON OR STEEL-ERECT-BRIDGES" value="5040" />
	<Setting id="72" name="IRON OR STEEL-ERECT-FRAME STRUCTURE" value="5040" />
	<Setting id="73" name="IRON OR STEEL-ERECTION-NOC" value="5057" />
	<Setting id="74" name="IRON OR STEEL-ERECTION-TOWERS" value="5040" />
	<Setting id="75" name="IRON SHOP-ORNAMENTAL &amp; DRIVERS" value="3040" />
	<Setting id="76" name="IRON SHOP-STRUCTURAL &amp; DRIVERS" value="3030" />
	<Setting id="77" name="IRON STEEL ERECT DWELL TO 2 STYS" value="5069" />
	<Setting id="78" name="IRON STEEL-ERECT-UP TO 2 STYS" value="5059" />
	<Setting id="79" name="IRRIGATION WORKS OPERATION &amp; DRIVERS" value="0251" />
	<Setting id="80" name="IRRIGATION-SYSTEM CONST &amp; DRIVERS" value="6229" />
	<Setting id="81" name="JETTY CONSTR-ALL OPER &amp; DRIVERS" value="6005" />
	<Setting id="82" name="LANDSCAPE GARDENING &amp; DRIVERS" value="0042" />
	<Setting id="83" name="LEVEE CONSTR-ALL OPER &amp; DRIVERS" value="6045" />
	<Setting id="84" name="MACHINERY ERECT., INST. NOC &amp; DRIVERS" value="3724" />
	<Setting id="85" name="MACHINERY OR EQUIPMENT REPAIR &amp; DRIVERS" value="3737" />
	<Setting id="86" name="MARBLE SETTING INSIDE" value="5348" />
	<Setting id="87" name="MASONRY NOC" value="5022" />
	<Setting id="88" name="METAL CEILING INSTALLATION &amp; DRIVERS" value="5538" />
	<Setting id="89" name="MOBILE CRANE &amp; HOIST SER CONT-ALL &amp; DRIVERS" value="9534" />
	<Setting id="90" name="MOSAIC WORK INSIDE" value="5348" />
	<Setting id="91" name="OIL BURNER-INSTALL OR REPAIR" value="5193" />
	<Setting id="92" name="OIL LEASE WORK NOC BY CONTR &amp; DRIVERS" value="6216" />
	<Setting id="93" name="OIL OR GAS PIPE LINE CONST &amp; DRIVERS" value="6233" />
	<Setting id="94" name="OIL OR GAS WELL DRILLING &amp; DRIVERS" value="6235" />
	<Setting id="95" name="OIL OR GAS WELL INSTALL CASING &amp; DRIVERS" value="6235" />
	<Setting id="96" name="PAINTING METAL BRIDGES+SHOP &amp; DRIVERS" value="5037" />
	<Setting id="97" name="PAINTING METAL STRUCT-OVER 2 STY &amp; DRIVERS" value="5037" />
	<Setting id="98" name="PAINTING OR DECORATING NOC &amp; DRIVERS" value="5474" />
	<Setting id="99" name="PAPER HANGING &amp; DRIVERS" value="5491" />
	<Setting id="100" name="PARQUET FLOOR-INSTALLATION" value="5429" />
	<Setting id="101" name="PATROL AGENCY &amp; DRIVERS" value="7723" />
	<Setting id="102" name="PAVING REPAVING FLOORS DRIVEWAYS" value="5221" />
	<Setting id="103" name="PILE DRIVING NOC &amp; DRIVERS" value="6003" />
	<Setting id="104" name="PLASTER WORK-OUTSIDE" value="5022" />
	<Setting id="105" name="PLASTERING NOC &amp; DRIVERS" value="5480" />
	<Setting id="106" name="PLUMBING NOC &amp; DRIVERS" value="5183" />
	<Setting id="107" name="REVETMENT CONST &amp; DRIVERS" value="6005" />
	<Setting id="108" name="ROCK EXCAVATION" value="5508" />
	<Setting id="109" name="ROOFING NOC &amp; DRIVERS" value="5545" />
	<Setting id="110" name="ROOFING PAPER PREP &amp; DRIVERS" value="1463" />
	<Setting id="111" name="ROOFING SLATE MFG &amp; DRIVERS" value="1624" />
	<Setting id="112" name="ROOFING-BUILT UP &amp; DRIVERS" value="5547" />
	<Setting id="113" name="RR CONSTR-ALL OPER &amp; DRIVERS" value="6701" />
	<Setting id="114" name="RR CONSTRUCTION-LAYING TRACKS &amp; DRIVERS" value="7855" />
	<Setting id="115" name="RR CONSTRUCTION-MAINT OF WAY &amp; DRIVERS" value="7855" />
	<Setting id="116" name="SALVAGE OPER-IN BLDGS" value="5709" />
	<Setting id="117" name="SCAFFOLD BUILT UP-INSTALL &amp; DRIVERS" value="9526" />
	<Setting id="118" name="SCAFFOLD SIDEWALK BRIDGE-INSTALL &amp; DRIVERS" value="9527" />
	<Setting id="119" name="SCAFFOLDS-OUTRIGGER INSTALLATION" value="5403" />
	<Setting id="120" name="SEWER CONSTRUCTION-ALL &amp; DRIVERS" value="6306" />
	<Setting id="121" name="SHAFT SINKING-ALL OPERATIONS" value="6252" />
	<Setting id="122" name="SHEET METAL WORK ERECTION &amp; DRIVERS" value="5538" />
	<Setting id="123" name="SHEET ROCK-INSTALL-IN BLDGS &amp; DRIVERS" value="5445" />
	<Setting id="124" name="SHORING-ALL EMP &amp; DRIVERS" value="5703" />
	<Setting id="125" name="SIGN ERECTION OR REPAIR &amp; DRIVERS" value="9552" />
	<Setting id="126" name="SIGN PAINTING-ON BLDGS &amp; DRIVERS" value="9553" />
	<Setting id="127" name="SMOKESTACK LINING-NOT METAL" value="5000" />
	<Setting id="128" name="SPRINKLER INSTALLATION &amp; DRIVERS" value="5188" />
	<Setting id="129" name="STEAM MAIN CONSTRUCT &amp; DRIVERS" value="6319" />
	<Setting id="130" name="STEAM PIPE INSULATING &amp; DRIVERS" value="5184" />
	<Setting id="131" name="STONE SETTING INSIDE" value="5348" />
	<Setting id="132" name="STORM SASH OR SCREEN INSTALLATION" value="5428" />
	<Setting id="133" name="STREET OR ROAD PAVE OR REPAVE &amp; DRIVERS" value="5506" />
	<Setting id="134" name="STREET OR ROAD SUB SURFACE &amp; DRIVERS" value="5507" />
	<Setting id="135" name="STUCCO WORK-OUTSIDE" value="5022" />
	<Setting id="136" name="SWIMMIMG POOL CONSTRUCTION-ALL &amp; DRIVERS" value="5223" />
	<Setting id="137" name="TANK-ERECTION OR REPAIR-METAL" value="3726" />
	<Setting id="138" name="TELEPHONE LINE CONST &amp; DRIVERS" value="7601" />
	<Setting id="139" name="TENT ERECTION &amp; DRIVERS" value="9539" />
	<Setting id="140" name="TERRAZZO WORK INSIDE" value="5348" />
	<Setting id="141" name="TILE WORK INSIDE" value="5348" />
	<Setting id="142" name="TUNNELING NOT PNEUMATIC-ALL" value="6251" />
	<Setting id="143" name="TUNNELING-PNEUMATIC-ALL OPERATIONS" value="6260" />
	<Setting id="144" name="UNDERPINNING BUILDINGS &amp; DRIVERS" value="5703" />
	<Setting id="145" name="VAULT CONST OR INSTALLATION" value="5057" />
	<Setting id="146" name="WALL COVERING,INSTALL + SHOP &amp; DRIVERS" value="5538" />
	<Setting id="147" name="WALLBOARD-INSTALLATION &amp; DRIVERS" value="5445" />
	<Setting id="148" name="WATER MAIN CONSTRUCT &amp; DRIVERS" value="6319" />
	<Setting id="149" name="WEATHERSTRIP STORM-SASH-INSTALL" value="5428" />
	<Setting id="150" name="WELDING OR CUTTING NOC &amp; DRIVERS" value="3365" />
	<Setting id="151" name="WRECKING-NOT BLDGS" value="5709" />
</ArrayOfSetting>