<?xml version="1.0" encoding="utf-8" ?>
<ArrayOfSetting>
  <Setting Name="Qual Status/Performance Review - Prime Vetting" Value="~/Rfc/Vetting_manager_final_review.aspx?Id={projectId}&amp;readonly=true" Description="" />
  <Setting Name="Qual Status/Performance Review - Wicks Subs Vetting" Value="~/Subcontractor/Subcontractor_List2.aspx?Id={projectId}&amp;readonly=true" Description="" />
  <Setting Name="Qual Status/Performance Review - Financials (signed and approved)" Value="~/Rfc/Vetting_bond_financial_review.aspx?Id={projectId}&amp;readonly=true" Description="" />
  <Setting Name="Qual Status/Performance Review - Bid Bond Review Checklist / Bid Bond" Value="~/Rfc/Vetting_bond_bid_review.aspx?Id={projectId}&amp;readonly=true" Description="" />
  <Setting Name="Bid Tabulation" Value="~/Rfc/CS_Bid_Results.aspx?Id={projectId}&amp;readonly=true" Description="" />
  <Setting Name="Contractor Bid Breakdown" Value="~/Rfc/AE_Breakdown_Analysis.aspx?Id={projectId}&amp;readonly=true" Description="" />
  <Setting Name="Bid Analysis" Value="~/Rfc/CS_Breakdown_Analysis.aspx?Id={projectId}&amp;readonly=true" Description="" />
  <Setting Name="Funding Approval Documentation" Value="~/Rfc/document_viewdetail.aspx?Id={projectId}" Description="FundingMemo" />
  <Setting Name="Limited List History" Value="~/Rfd/Project_History.aspx?Id={rfdProjectId}" Description="" />
  <Setting Name="Summary of Work (Spec Section 01010)" Value="~/Rfc/document_viewdetail.aspx?Id={projectId}" Description="S01010" />
  <Setting Name="Apprenticeship Program Approval Memo" Value="~/Rfc/document_viewdetail.aspx?Id={projectId}" Description="ApprentApproveMemo" />
  <Setting Name="Performance and Payment Bond Review" Value="~/Rfc/document_viewdetail.aspx?Id={projectId}" Description="Bidder_PerformanceBond" />
  <Setting Name="Wrap-Up Transmittal (or certificate if available)" Value="~/Rfc/document_viewdetail.aspx?Id={projectId}" Description="WrapUp" />
  <Setting Name="Low Bidder's Letter Declining to Extend Bid" Value="~/Rfc/document_viewdetail.aspx?Id={projectId}" Description="DeclineToBid" />
  <Setting Name="Low Bidder Reject Memo to File" Value="~/Rfc/document_viewdetail.aspx?Id={projectId}" Description="BidderRejectMemo" />
  <Setting Name="Letter to Low Bidder Rejecting Bid" Value="~/Rfc/document_viewdetail.aspx?Id={projectId}" Description="BidderRejectLetter" />
  <Setting Name="Low Bidder's Request to Withdraw Bid" Value="~/Rfc/document_viewdetail.aspx?Id={projectId}" Description="WithdrawRequest" />
  <Setting Name="Bid Withdrawal Approval Memo" Value="~/Rfc/document_viewdetail.aspx?Id={projectId}" Description="WithdrawApproveMemo" />
  <Setting Name="SCA Letter to Low Bidder allowing Bid Withdrawal" Value="~/Rfc/document_viewdetail.aspx?Id={projectId}" Description="WithdrawApproveLetter" />
  <Setting Name="Withdrawal Letter from SCA to Contractor" Value="~/Rfc/document_viewdetail.aspx?Id={projectId}" Description="WithdrawLetter" />
  <Setting Name="Bid &amp; Contract Agreement" Value="~/Rfc/document_viewdetail.aspx?Id={projectId}" Description="Bidder_RoutingContractAgreement" />
  <Setting Name="Invitation to Bid Letter" Value="~/Rfc/ViewPackageDetail.aspx?Id={projectId}&amp;type=Solicitation&amp;name=02-InvitationBidLetter.docx"/>
  <Setting Name="Request for Contract" Value="~/Rfc/Rfc_View.aspx?Id={projectId}" Description="" />
  <Setting Name="RS-1 Form(s)" Value="~/Rfc/document_viewdetail.aspx?Id={projectId}" Description="Bidder_RS1" />
  <Setting Name="Pre-Award Meeting Memo" Value="~/Rfc/document_viewdetail.aspx?Id={projectId}" Description="Bidder_PreAwardMeet" />
  <Setting Name="Signed PLA Affidavit" Value="~/Rfc/document_viewdetail.aspx?Id={projectId}" Description="SignedPLA" />
  <Setting Name="Routing Sheet" Value="~/Rfc/ViewPackageDetail.aspx?Id={projectId}&amp;type=Routing&amp;name=01-JustificationMemo.docx"/>
  <!--<Setting Name="Justification Memo" Value="~/Rfc/DownloadPackage.aspx?Id={packageId}" Description="01 - Justification Memo" />-->
</ArrayOfSetting>