<?xml version="1.0" encoding="utf-8" ?>
<ArrayOfSetting>
  <Setting Name="Capacity" Value="Capacity" />
  <Setting Name="CIP" Value="CIP" />
  <Setting Name="Mentor A" Value="Mentor A" />
  <Setting Name="Mentor B" Value="Mentor B" />
  <Setting Name="CCFU" Value="CCFU" />
  <Setting Name="Project" Value="Project" />
  <Setting Name="Contract" Value="Contract" />
  <Setting Name="Mentor A Contract" Value="Mentor A Contract" />
  <Setting Name="Mentor B Contract" Value="Mentor B Contract" />
  <Setting Name="HazMat Contract" Value="HazMat Contract" />
  <Setting Name="Non-HazMat Contract" Value="Non-HazMat Contract" />
</ArrayOfSetting>