<?xml version="1.0" encoding="utf-8" ?>
<ArrayOfSetting>
  <Setting Value="Senior Project Officer" Name="SPO" />
  <Setting Value="Chief Project Officer" Name="CPO" />
  <Setting Value="Furniture and Equipment Role" Name="FE" />
  <Setting Value="Furniture and Equipment Role Supervisor" Name="FES" />
  <Setting Value="Capital Planning" Name="CP" />
  <Setting Value="Capital Planning Supervisor" Name="CPS" />
  <Setting Value="Contract Specialist" Name="CS" />
  <Setting Value="Contract Specialist Supervisor" Name="CSS" />
  <Setting Value="Total Building Commissioner" Name="TBC" />
  <Setting Value="Total Building Commissioner Supervisor" Name="TBCS" />
  <Setting Value="Plan Examiner" Name="PE" />
  <Setting Value="Plan Examiner Supervisor" Name="PES" />
  <Setting Value="Design Project Manager" Name="DPM" />
  <Setting Value="Green Manager" Name="GrM" />
  <Setting Value="Green Manager Supervisor" Name="GrMS" />
  <Setting Value="Design Reviewer" Name="DR" />
  <Setting Value="Design Reviewer Supervisor" Name="DRS" />
  <Setting Value="Facility Management System Integrator" Name="FMSI" />
  <Setting Value="Facility Management System Integrator Supervisor" Name="FMSIS" />
  <Setting Value="Design Manager" Name="DM" />
  <Setting Value="Deputy Director" Name="DD" />
  <Setting Value="Director" Name="D" />
  <Setting Value="Director of Mentor Program" Name="D-Mentor" />
  <Setting Value="Director of Safety" Name="D-Safety" />
  <Setting Value="Director of Safety Supervisor" Name="D-SafetyS" />
  <Setting Value="VP for Construction Mgmt" Name="VPCM" />
  <Setting Value="VP of Admin" Name="VPAdmin" />
  <Setting VAlue="VP of Capital Planning" Name="VPCapitalPlanning" />
  <Setting Value="Senior Director of BDD" Name="BDD" />
  <Setting Value="Senior Director of BDD Supervisor" Name="BDDS" />
  <Setting Value="IEH Hygienist B" Name="IH-B" />
  <Setting Value="IEH Hygienist C" Name="IH-C" />
  <Setting Value="IEH Deputy Director" Name="DD" />
  <Setting Value="IEH Director" Name="D" />
  <Setting Value="IEH Manager" Name="Mgr" />
</ArrayOfSetting>