<?xml version="1.0" encoding="utf-8" ?>
<ArrayOfSetting>
  <Setting Id="0" Name="1" Value="1" />
  <Setting Id="1" Name="3" Value="3" />
  <Setting Id="2" Name="5" Value="5" />
  <Setting Id="3" Name="6A" Value="6A" />
  <Setting Id="4" Name="8" Value="8" />
  <Setting Id="5" Name="8A/28A" Value="8A/28A" />
  <Setting Id="6" Name="9" Value="9" />
  <Setting Id="7" Name="11" Value="11" />
  <Setting Id="8" Name="12" Value="12" />
  <Setting Id="9" Name="12A" Value="12A" />
  <Setting Id="10" Name="14" Value="14" />
  <Setting Id="11" Name="15" Value="15" />
  <Setting Id="12" Name="16" Value="16" />
  <Setting Id="13" Name="18A" Value="18A" />
  <Setting Id="14" Name="19" Value="19" />
  <Setting Id="15" Name="20" Value="20" />
  <Setting Id="16" Name="25" Value="25" />
  <Setting Id="17" Name="28" Value="28" />
  <Setting Id="18" Name="38" Value="38" />
  <Setting Id="19" Name="40/417" Value="40/417" />
  <Setting Id="20" Name="45" Value="45" />
  <Setting Id="21" Name="46" Value="46" />
  <Setting Id="22" Name="66" Value="66" />
  <Setting Id="23" Name="78" Value="78" />
  <Setting Id="24" Name="137" Value="137" />
  <Setting Id="25" Name="138" Value="138" />
  <Setting Id="26" Name="154" Value="154" />
  <Setting Id="27" Name="157" Value="157" />
  <Setting Id="28" Name="197" Value="197" />
  <Setting Id="29" Name="235" Value="235" />
  <Setting Id="30" Name="262" Value="262" />
  <Setting Id="30" Name="295" Value="295" />
  <Setting Id="31" Name="361/417" Value="361/417" />
  <Setting Id="30" Name="363" Value="363" />
  <Setting Id="32" Name="455" Value="455" />
  <Setting Id="33" Name="580" Value="580" />
  <Setting Id="34" Name="608N" Value="608N" />
  <Setting Id="35" Name="638A" Value="638A" />
  <Setting Id="36" Name="638B" Value="638B" />
  <Setting Id="37" Name="638" Value="638" />
  <Setting Id="38" Name="731" Value="731" />
  <Setting Id="39" Name="740" Value="740" />
  <Setting Id="40" Name="780" Value="780" />
  <Setting Id="41" Name="926" Value="926" />
  <Setting Id="42" Name="1010" Value="1010" />
  <Setting Id="43" Name="1018" Value="1018" />
  <Setting Id="44" Name="1042" Value="1042" />
  <Setting Id="45" Name="1087" Value="1087" />
  <Setting Id="46" Name="1281" Value="1281" />
  <Setting Id="47" Name="1298" Value="1298" />
  <Setting Id="48" Name="1456" Value="1456" />
  <Setting Id="49" Name="1536" Value="1536" />
  <Setting Id="50" Name="1974" Value="1974" />
  <Setting Id="51" Name="2090" Value="2090" />
  <Setting Id="52" Name="2287" Value="2287" />
</ArrayOfSetting>