<?xml version="1.0" encoding="utf-8" ?>
<ArrayOfMenu>
    <Menu Id="1" ParentId="0" Text="General Information" ImgLeft="~/Images/icon-incomplete.gif">
        <ArrayOfMenu>
            <Menu Id="2" ParentId="1" Text="Section 1" Url="~/supplier/controls/GeneralInformation.ascx" ImgLeft="~/Images/icon-incomplete.gif"/>
            <Menu Id="3" ParentId="1" Text="Section 2" Url="~/supplier/controls/GeneralInformation2.ascx" ImgLeft="~/Images/icon-incomplete.gif" />
            <Menu Id="4" ParentId="1" Text="Section 3" Url="~/supplier/controls/GeneralInformation3.ascx" ImgLeft="~/Images/icon-incomplete.gif" />
        </ArrayOfMenu>
    </Menu>
    <Menu Id="5" ParentId="0" Text="Key People &amp; Personnel" ImgLeft="~/Images/icon-incomplete.gif" >
        <ArrayOfMenu>
            <Menu Id="6" ParentId="5" Text="Section 1" Url="~/supplier/controls/KeyPeople1.ascx" ImgLeft="~/Images/icon-incomplete.gif" />
            <Menu Id="7" ParentId="5" Text="Section 2" Url="~/supplier/controls/KeyPeople3.ascx" ImgLeft="~/Images/icon-incomplete.gif" />
        </ArrayOfMenu>
    </Menu>
    <Menu Id="8" ParentId="0" Text="Integrity" ImgLeft="~/Images/icon-incomplete.gif">
        <ArrayOfMenu>
            <Menu Id="9" ParentId="8" Text="Section 1" Url="~/supplier/controls/LegalInformation1.ascx" ImgLeft="~/Images/icon-incomplete.gif" />
            <Menu Id="10" ParentId="8" Text="Section 2" Url="~/supplier/controls/LegalInformation2.ascx" ImgLeft="~/Images/icon-incomplete.gif" />
            <Menu Id="11" ParentId="8" Text="Section 3" Url="~/supplier/controls/LegalInformation3.ascx" ImgLeft="~/Images/icon-incomplete.gif" />
            <Menu Id="12" ParentId="8" Text="Section 4" Url="~/supplier/controls/LegalInformation4.ascx" ImgLeft="~/Images/icon-incomplete.gif" />
        </ArrayOfMenu>
    </Menu>
    <Menu Id="13" ParentId="0" Text="Financial Information" ImgLeft="~/Images/icon-incomplete.gif">
        <ArrayOfMenu>
            <Menu Id="14" ParentId="13" Text="Section 1" Url="~/supplier/controls/FinancialInformation4.ascx" ImgLeft="~/Images/icon-incomplete.gif" />
            <Menu Id="15" ParentId="13" Text="Section 2" Url="~/supplier/controls/FinancialInformation5.ascx" ImgLeft="~/Images/icon-incomplete.gif" />
            <Menu Id="16" ParentId="13" Text="Section 3" Url="~/supplier/controls/FinancialInformation2.ascx" ImgLeft="~/Images/icon-incomplete.gif" />
        </ArrayOfMenu>
    </Menu>
    <Menu Id="17" ParentId="0" Text="Experience" ImgLeft="~/Images/icon-incomplete.gif" >
        <ArrayOfMenu>
            <Menu Id="18" ParentId="17" Text="Section 1" Url="~/supplier/controls/Experience1.ascx" ImgLeft="~/Images/icon-incomplete.gif" />
            <Menu Id="19" ParentId="17" Text="Section 2" Url="~/supplier/controls/Experience2.ascx" ImgLeft="~/Images/icon-incomplete.gif" />
            <Menu Id="20" ParentId="17" Text="Section 3" Url="~/supplier/controls/Experience3.ascx" ImgLeft="~/Images/icon-incomplete.gif" />
        </ArrayOfMenu>
    </Menu>
    <Menu Id="21" ParentId="0" Text="Apprenticeship" Url="~/supplier/controls/Apprenticeship.ascx" ImgLeft="~/Images/icon-incomplete.gif" />
    <Menu Id="22" ParentId="0" Text="Safety" ImgLeft="~/Images/icon-incomplete.gif">
        <ArrayOfMenu>
            <Menu Id="23" ParentId="22" Text="Section 1" Url="~/supplier/controls/Safety3.ascx" ImgLeft="~/Images/icon-incomplete.gif" />
            <Menu Id="24" ParentId="22" Text="Section 2" Url="~/supplier/controls/Safety2.ascx" ImgLeft="~/Images/icon-incomplete.gif" />
            <Menu Id="25" ParentId="22" Text="Section 3" Url="~/supplier/controls/Safety4.ascx" ImgLeft="~/Images/icon-incomplete.gif" />
        </ArrayOfMenu>
    </Menu>
    <Menu Id="26" ParentId="0" Text="MWLBE Programs" Url="~/supplier/controls/CertificationPrograms.ascx" ImgLeft="~/Images/icon-incomplete.gif" />
    <Menu Id="27" ParentId="0" Text="Additional Documents" Url="~/supplier/controls/Documents.ascx" ImgLeft="~/Images/icon-incomplete.gif" />
    <Menu Id="28" ParentId="0" Text="Submit Form" Url="~/supplier/controls/Submit2.ascx" ImgLeft="~/Images/icon-incomplete.gif" />
</ArrayOfMenu>