<?xml version="1.0" encoding="utf-8" ?>
<ArrayOfMenu>
    <Menu Id="1" ParentId="0" Text="General Information: Section 1">
        <ArrayOfMenu>
            <Menu Id="2" ParentId="1" Text="Name of Applicant Firm" />
            <Menu Id="3" ParentId="1" Text="Login ID" />
            <Menu Id="4" ParentId="1" Text="D/B/A Name" />
            <Menu Id="5" ParentId="1" Text="Type of Organization" />
            <Menu Id="6" ParentId="1" Text="EIN/SSN" />
            <Menu Id="7" ParentId="1" Text="Physical Address" />
            <Menu Id="8" ParentId="1" Text="Mailing Address" />
            <Menu Id="9" ParentId="1" Text="Company Phone #" />
            <Menu Id="10" ParentId="1" Text="Company Fax Number" />
            <Menu Id="11" ParentId="1" Text="Web Address" />
            <Menu Id="12" ParentId="1" Text="Application Contact" />
            <Menu Id="13" ParentId="1" Text="Secondary Contact" />
            <Menu Id="14" ParentId="1" Text="Notification of bidding opportunities" />
            <Menu Id="15" ParentId="1" Text="Solicitation-specific communications" />
        </ArrayOfMenu>
    </Menu>
    <Menu Id="16" ParentId="0" Text="General Information: Section 2">
        <ArrayOfMenu>
            <Menu Id="17" ParentId="16" Text="At present or during the past five (5) years, has the Applicant Firm changed address(es) or operated under any other name(s) or ownership type?">
                <ArrayOfMenu>
                    <Menu Id="18" ParentId="17" Text="Firm Name" />
                    <Menu Id="19" ParentId="17" Text="Ownership Type" />
                    <Menu Id="20" ParentId="17" Text="Address" />
                    <Menu Id="21" ParentId="17" Text="Type" />
                    <Menu Id="22" ParentId="17" Text="From Date" />
                    <Menu Id="23" ParentId="17" Text="To Date" />
                </ArrayOfMenu>
            </Menu>
            <Menu Id="24" ParentId="16" Text="Has your Certificate of Incorporation or Business Certificate been amended?" />
            <Menu Id="25" ParentId="16" Text="Identify all locations used by the firm including its office, plant, warehouse, and any other commercial facility. Also list heavy equipment and machinery.">
                <ArrayOfMenu>
                    <Menu Id="26" ParentId="25" Text="Type" />
                    <Menu Id="27" ParentId="25" Text="Address" />
                    <Menu Id="28" ParentId="25" Text="Own/Lease/Rent?" />
                    <Menu Id="29" ParentId="25" Text="From Whom?" />
                    <Menu Id="30" ParentId="25" Text="Payment Terms" />
                    <Menu Id="31" ParentId="25" Text="Name of Landlord or Mortgage Holder" />
                    <Menu Id="32" ParentId="25" Text="Affiliation, if any, with Applicant Firm or Key Person" />
                </ArrayOfMenu>
            </Menu>
            <Menu Id="33" ParentId="16" Text="At present or during the past five (5) years has the Applicant Firm shared office space, plants, warehouses, staff, equipment, telephone or fax exchanges, etc. with any other business or organization?">
                <ArrayOfMenu>
                    <Menu Id="34" ParentId="33" Text="Firm Name" />
                    <Menu Id="35" ParentId="33" Text="EIN" />
                    <Menu Id="36" ParentId="33" Text="Nature of Shared Facility or Staff" />
                    <Menu Id="37" ParentId="33" Text="Address" />
                    <Menu Id="38" ParentId="33" Text="From Date" />
                    <Menu Id="39" ParentId="33" Text="To Date" />
                </ArrayOfMenu>
            </Menu>
            <Menu Id="40" ParentId="16" Text="Date Applicant Firm Founded" />
            <Menu Id="41" ParentId="16" Text="County in which business certificate is filed" />
            <Menu Id="42" ParentId="16" Text="Please attach a copy of Applicant Firm&rsquo;s business certificate filed with the local County Clerk&rsquo;s office" />
            <Menu Id="43" ParentId="16" Text="State Incorporated" />
            <Menu Id="44" ParentId="16" Text="Date Incorporated" />
            <Menu Id="45" ParentId="16" Text="Number of shares authorized to the corporation" />
            <Menu Id="46" ParentId="16" Text="Number of shares issued to individuals or entities" />
            <Menu Id="47" ParentId="16" Text="State LLC Formed" />
            <Menu Id="48" ParentId="16" Text="Date LLC Incorporated" />
            <Menu Id="49" ParentId="16" Text="Number of members of the LLC" />
            <Menu Id="50" ParentId="16" Text="Partnership Type" />
            <Menu Id="51" ParentId="16" Text="County Where Partnership Agreement Filed" />
            <Menu Id="52" ParentId="16" Text="State Where Partnership Agreement Filed" />
            <Menu Id="53" ParentId="16" Text="Is the Applicant Firm registered with NYS Division of Corporations?" />
        </ArrayOfMenu>
    </Menu>
    <Menu Id="54" ParentId="0" Text="General Information: Section 3">
        <ArrayOfMenu>
            <Menu Id="55" ParentId="54" Text="Did the current owners purchase the assets of the firm or acquire the firm pursuant to a written purchase or buyout agreement or assignment?" />
            <Menu Id="56" ParentId="54" Text="Previous owner(s) name(s)" />
            <Menu Id="57" ParentId="54" Text="Has the purchase price been paid in full?" />
            <Menu Id="58" ParentId="54" Text="Date Purchased" />
            <Menu Id="59" ParentId="54" Text="Please attach purchase or buyout agreement or assignment" />
            <Menu Id="60" ParentId="54" Text="At present or during the past five (5) years has the Applicant Firm been a subsidiary or affiliate of any other firm?">
                <ArrayOfMenu>
                    <Menu Id="61" ParentId="60" Text="Firm Name" />
                    <Menu Id="62" ParentId="60" Text="EIN" />
                    <Menu Id="63" ParentId="60" Text="Address" />
                    <Menu Id="64" ParentId="60" Text="Relationship to Applicant Firm" />
                    <Menu Id="65" ParentId="60" Text="% of Applicant Firm Owned" />
                    <Menu Id="66" ParentId="60" Text="From Date" />
                    <Menu Id="67" ParentId="60" Text="To Date" />
                    <Menu Id="68" ParentId="60" Text="Representative Name" />
                    <Menu Id="69" ParentId="60" Text="Representative Title" />
                </ArrayOfMenu>
            </Menu>
            <Menu Id="70" ParentId="54" Text="At present or during the past five (5) years has the Applicant Firm consisted of a partnership in which one or more partners are other firms?">
                <ArrayOfMenu>
                    <Menu Id="71" ParentId="70" Text="Firm Name" />
                    <Menu Id="72" ParentId="70" Text="EIN" />
                    <Menu Id="73" ParentId="70" Text="Address" />
                    <Menu Id="74" ParentId="70" Text="Relationship to Applicant Firm" />
                    <Menu Id="75" ParentId="70" Text="% of Applicant Firm Owned" />
                    <Menu Id="76" ParentId="70" Text="From Date" />
                    <Menu Id="77" ParentId="70" Text="To Date" />
                    <Menu Id="78" ParentId="70" Text="Representative Name" />
                    <Menu Id="79" ParentId="70" Text="Representative Title" />
                </ArrayOfMenu>
            </Menu>
            <Menu Id="80" ParentId="54" Text="At present or during the past five (5) years has any other firm owned 5% or more of the Applicant Firm? (includes venture capitalists and other similar investors)">
                <ArrayOfMenu>
                    <Menu Id="81" ParentId="80" Text="Firm Name" />
                    <Menu Id="82" ParentId="80" Text="EIN" />
                    <Menu Id="83" ParentId="80" Text="Address" />
                    <Menu Id="84" ParentId="80" Text="Relationship to Applicant Firm" />
                    <Menu Id="85" ParentId="80" Text="% of Applicant Firm Owned" />
                    <Menu Id="86" ParentId="80" Text="From Date" />
                    <Menu Id="87" ParentId="80" Text="To Date" />
                    <Menu Id="88" ParentId="80" Text="Representative Name" />
                    <Menu Id="89" ParentId="80" Text="Representative Title" />
                </ArrayOfMenu>
            </Menu>
            <Menu Id="90" ParentId="54" Text="At present or during the past five (5) years has the Applicant Firm joint ventured with any other firms?">
                <ArrayOfMenu>
                    <Menu Id="91" ParentId="90" Text="Firm Name" />
                    <Menu Id="92" ParentId="90" Text="EIN" />
                    <Menu Id="93" ParentId="90" Text="Address" />
                    <Menu Id="94" ParentId="90" Text="Relationship to Applicant Firm" />
                    <Menu Id="95" ParentId="90" Text="% of Applicant Firm Owned" />
                    <Menu Id="96" ParentId="90" Text="From Date" />
                    <Menu Id="97" ParentId="90" Text="To Date" />
                    <Menu Id="98" ParentId="90" Text="Representative Name" />
                    <Menu Id="99" ParentId="90" Text="Representative Title" />
                </ArrayOfMenu>
            </Menu>
            <Menu Id="100" ParentId="54" Text="At present or during the past five (5) years has the Applicant Firm had any subsidiaries?">
                <ArrayOfMenu>
                    <Menu Id="101" ParentId="100" Text="Firm Name" />
                    <Menu Id="102" ParentId="100" Text="EIN" />
                    <Menu Id="103" ParentId="100" Text="Address" />
                    <Menu Id="104" ParentId="100" Text="Relationship to Applicant Firm" />
                    <Menu Id="105" ParentId="100" Text="Nature of Business" />
                    <Menu Id="106" ParentId="100" Text="% of Firm Owned" />
                    <Menu Id="107" ParentId="100" Text="From Date" />
                    <Menu Id="108" ParentId="100" Text="To Date" />
                </ArrayOfMenu>
            </Menu>
            <Menu Id="109" ParentId="54" Text="At present or during the past five (5) years has the Applicant Firm owned 5% or more of any other firm?">
                <ArrayOfMenu>
                    <Menu Id="110" ParentId="109" Text="Firm Name" />
                    <Menu Id="111" ParentId="109" Text="EIN" />
                    <Menu Id="112" ParentId="109" Text="Address" />
                    <Menu Id="113" ParentId="109" Text="Relationship to Applicant Firm" />
                    <Menu Id="114" ParentId="109" Text="Nature of Business" />
                    <Menu Id="115" ParentId="109" Text="% of Firm Owned" />
                    <Menu Id="116" ParentId="109" Text="From Date" />
                    <Menu Id="117" ParentId="109" Text="To Date" />
                </ArrayOfMenu>
            </Menu>
        </ArrayOfMenu>
    </Menu>
    <Menu Id="118" ParentId="0" Text="Key People &amp; Personnel: Section 1">
        <ArrayOfMenu>
            <Menu Id="119" ParentId="118" Text="In the following table, provide the requested information on all current key people as defined below, and anyone who has owned 5% or more of the Applicant Firm within the past three (3) years. Each current key person of the Applicant Firm must attach a notarized certification. Also, please attach a resume for each key person.">
                <ArrayOfMenu>
                    <Menu Id="120" ParentId="119" Text="Name" />
                    <Menu Id="121" ParentId="119" Text="Home Phone #" />
                    <Menu Id="122" ParentId="119" Text="Date of Birth" />
                    <Menu Id="123" ParentId="119" Text="Gender" />
                    <Menu Id="124" ParentId="119" Text="Ethnicity" />
                    <Menu Id="125" ParentId="119" Text="SSN" />
                    <Menu Id="126" ParentId="119" Text="Business Title" />
                    <Menu Id="127" ParentId="119" Text="US Citizen or Alien Registration Number, if not a U.S. Citizen" />
                    <Menu Id="128" ParentId="119" Text="Home Address" />
                    <Menu Id="129" ParentId="119" Text="Employment Start Date" />
                    <Menu Id="130" ParentId="119" Text="Commencement Date of Current Position" />
                    <Menu Id="131" ParentId="119" Text="Employment End Date" />
                    <Menu Id="132" ParentId="119" Text="Is this person an owner?" />
                    <Menu Id="133" ParentId="119" Text="Number of shares owned" />
                    <Menu Id="134" ParentId="119" Text="Amount paid when purchased" />
                    <Menu Id="135" ParentId="119" Text="Method of Acquisition" />
                    <Menu Id="136" ParentId="119" Text="Common or Preferred?" />
                    <Menu Id="137" ParentId="119" Text="Date shares were acquired" />
                    <Menu Id="138" ParentId="119" Text="Percentage of Ownership" />
                    <Menu Id="139" ParentId="119" Text="Total Amount/Value of Contributions" />
                    <Menu Id="140" ParentId="119" Text="Specify any name change, maiden name, or aliases" />
                    <Menu Id="141" ParentId="119" Text="Please attach a resume for each key person listed." />
                </ArrayOfMenu>
            </Menu>
            <Menu Id="142" ParentId="118" Text="Add Personnel">
                <ArrayOfMenu>
                    <Menu Id="143" ParentId="142" Text="Name" />
                    <Menu Id="144" ParentId="142" Text="Title" />
                    <Menu Id="145" ParentId="142" Text="Is this person an owner?" />
                    <Menu Id="146" ParentId="142" Text="Attach Resume" />
                </ArrayOfMenu>
            </Menu>
        </ArrayOfMenu>
    </Menu>
    <Menu Id="147" ParentId="0" Text="Key People &amp; Personnel: Section 2">
        <ArrayOfMenu>
            <Menu Id="148" ParentId="147" Text="At present or during the past five (5) years, have any of the Key People of the Applicant Firm served as a Key Person or owned 5% or more of any other firm (including firms that are inactive, have been dissolved or are non-construction related)?">
                <ArrayOfMenu>
                    <Menu Id="149" ParentId="148" Text="Key Person" />
                    <Menu Id="150" ParentId="148" Text="Other Firm Name" />
                    <Menu Id="151" ParentId="148" Text="Other Firm EIN" />
                    <Menu Id="152" ParentId="148" Text="Nature of Business" />
                    <Menu Id="153" ParentId="148" Text="Other Firm Address" />
                    <Menu Id="154" ParentId="148" Text="Position Held" />
                    <Menu Id="155" ParentId="148" Text="Is this person an owner?" />
                    <Menu Id="156" ParentId="148" Text="% Owned by Key Person" />
                    <Menu Id="157" ParentId="148" Text="Remainder Owned By" />
                    <Menu Id="158" ParentId="148" Text="Owned From" />
                    <Menu Id="159" ParentId="148" Text="Owned To" />
                    <Menu Id="160" ParentId="148" Text="Served From Date" />
                    <Menu Id="161" ParentId="148" Text="Served To Date" />
                </ArrayOfMenu>
            </Menu>
            <Menu Id="162" ParentId="147" Text="Are any Key People of the Applicant Firm present or past employees of the NYC School Construction Authority (SCA)?">
                <ArrayOfMenu>
                    <Menu Id="163" ParentId="162" Text="Key Person" />
                    <Menu Id="164" ParentId="162" Text="Name of Current or Past SCA Employee" />
                    <Menu Id="165" ParentId="162" Text="Relationship" />
                </ArrayOfMenu>
            </Menu>
            <Menu Id="166" ParentId="147" Text="Are any Key People of the Applicant Firm related by kinship or marriage to any present or past employee of the SCA?">
                <ArrayOfMenu>
                    <Menu Id="167" ParentId="166" Text="Key Person" />
                    <Menu Id="168" ParentId="166" Text="Name of Current or Past SCA Employee" />
                    <Menu Id="169" ParentId="166" Text="Relationship" />
                </ArrayOfMenu>
            </Menu>
            <Menu Id="170" ParentId="147" Text="Are any Key People of the Applicant Firm related by kinship or marriage to anyone who is a key person in a firm that has sought prequalification from the SCA?">
                <ArrayOfMenu>
                    <Menu Id="171" ParentId="170" Text="Key Person" />
                    <Menu Id="172" ParentId="170" Text="Name of Current or Past SCA Employee" />
                    <Menu Id="173" ParentId="170" Text="Relationship" />
                </ArrayOfMenu>
            </Menu>
        </ArrayOfMenu>
    </Menu>
    <Menu Id="174" ParentId="0" Text="Integrity: Section 1">
        <ArrayOfMenu>
            <Menu Id="175" ParentId="174" Text="At present or during the past five (5) years, has any Key Person, employee or any consultant of the Applicant Firm served as an elected official, political party officer, community board or district school board officer, or non-elected governmental appointee or employee of the New York City Department of Education (formerly the Board of Education), or New York City or New York State government?">
                <ArrayOfMenu>
                    <Menu Id="176" ParentId="175" Text="Individual Name" />
                    <Menu Id="177" ParentId="175" Text="Position" />
                    <Menu Id="178" ParentId="175" Text="Name of Organization" />
                    <Menu Id="179" ParentId="175" Text="Relationship" />
                    <Menu Id="180" ParentId="175" Text="From Date" />
                    <Menu Id="181" ParentId="175" Text="To Date" />
                </ArrayOfMenu>
            </Menu>
            <Menu Id="182" ParentId="174" Text="At present or during the past five (5) years, has the Applicant Firm, or any current or past Key People or Affiliate Firm(s) been suspended, debarred, disqualified, had its Prequalification revoked or otherwise been declared ineligible or not responsible to bid or to perform work for any reason, including failure to cooperate with any government agency?">
                <ArrayOfMenu>
                    <Menu Id="183" ParentId="182" Text="Agency" />
                    <Menu Id="184" ParentId="182" Text="Contract Number" />
                    <Menu Id="185" ParentId="182" Text="Date of Action" />
                    <Menu Id="186" ParentId="182" Text="Description of Action" />
                    <Menu Id="187" ParentId="182" Text="Agency Contact Person" />
                    <Menu Id="188" ParentId="182" Text="Phone #" />
                    <Menu Id="189" ParentId="182" Text="Select key people involved." />
                </ArrayOfMenu>
            </Menu>
            <Menu Id="190" ParentId="174" Text="At present or during the past five (5) years, has the Applicant Firm, or any current or past Key People or Affiliate Firm(s) been barred from bidding or denied a contract as a result of refusal of Key People to testify before a grand jury, administrative board or agency?">
                <ArrayOfMenu>
                    <Menu Id="191" ParentId="190" Text="Agency" />
                    <Menu Id="192" ParentId="190" Text="Contract Number" />
                    <Menu Id="193" ParentId="190" Text="Date of Action" />
                    <Menu Id="194" ParentId="190" Text="Description of Action" />
                    <Menu Id="195" ParentId="190" Text="Agency Contact Person" />
                    <Menu Id="196" ParentId="190" Text="Phone #" />
                    <Menu Id="197" ParentId="190" Text="Select key people involved." />
                </ArrayOfMenu>
            </Menu>
            <Menu Id="198" ParentId="174" Text="At present or during the past five (5) years, has the Applicant Firm, or any current or past Key People or Affiliate Firm(s) been barred from bidding or denied a contract as a result of failure to meet statutory affirmative action or Minority/Women/Local Based/Disadvantaged/Small Business Enterprise requirements?">
                <ArrayOfMenu>
                    <Menu Id="199" ParentId="198" Text="Agency" />
                    <Menu Id="200" ParentId="198" Text="Contract Number" />
                    <Menu Id="201" ParentId="198" Text="Date of Action" />
                    <Menu Id="202" ParentId="198" Text="Description of Action" />
                    <Menu Id="203" ParentId="198" Text="Agency Contact Person" />
                    <Menu Id="204" ParentId="198" Text="Phone #" />
                    <Menu Id="205" ParentId="198" Text="Select key people involved." />
                </ArrayOfMenu>
            </Menu>
            <Menu Id="206" ParentId="174" Text="At present or during the past five (5) years, has the Applicant Firm, or any current or past Key People or Affiliate Firm(s) been denied a contract despite being the low bidder for any reason?">
                <ArrayOfMenu>
                    <Menu Id="207" ParentId="206" Text="Agency" />
                    <Menu Id="208" ParentId="206" Text="Contract Number" />
                    <Menu Id="209" ParentId="206" Text="Date of Action" />
                    <Menu Id="210" ParentId="206" Text="Description of Action" />
                    <Menu Id="211" ParentId="206" Text="Agency Contact Person" />
                    <Menu Id="212" ParentId="206" Text="Phone #" />
                    <Menu Id="213" ParentId="206" Text="Select key people involved." />
                </ArrayOfMenu>
            </Menu>
            <Menu Id="214" ParentId="174" Text="At present or during the past five (5) years, has the Applicant Firm, or any current or past Key People or Affiliate Firm(s) defaulted or been defaulted on any contract?">
                <ArrayOfMenu>
                    <Menu Id="215" ParentId="214" Text="Agency" />
                    <Menu Id="216" ParentId="214" Text="Contract Number" />
                    <Menu Id="217" ParentId="214" Text="Date of Action" />
                    <Menu Id="218" ParentId="214" Text="Description of Action" />
                    <Menu Id="219" ParentId="214" Text="Agency Contact Person" />
                    <Menu Id="220" ParentId="214" Text="Phone #" />
                    <Menu Id="221" ParentId="214" Text="Select key people involved." />
                </ArrayOfMenu>
            </Menu>
            <Menu Id="222" ParentId="174" Text="At present or during the past five (5) years, has the Applicant Firm, or any current or past Key People or Affiliate Firm(s) had a contract terminated?">
                <ArrayOfMenu>
                    <Menu Id="223" ParentId="222" Text="Agency" />
                    <Menu Id="224" ParentId="222" Text="Contract Number" />
                    <Menu Id="225" ParentId="222" Text="Date of Action" />
                    <Menu Id="226" ParentId="222" Text="Description of Action" />
                    <Menu Id="227" ParentId="222" Text="Agency Contact Person" />
                    <Menu Id="228" ParentId="222" Text="Phone #" />
                    <Menu Id="229" ParentId="222" Text="Select key people involved." />
                </ArrayOfMenu>
            </Menu>
            <Menu Id="230" ParentId="174" Text="At present or during the past five (5) years, has the Applicant Firm, or any current or past Key People or Affiliate Firm(s) been given a final unsatisfactory performance determination or deemed a poor performer (by letter or formal proceedings?">
                <ArrayOfMenu>
                    <Menu Id="231" ParentId="230" Text="Agency" />
                    <Menu Id="232" ParentId="230" Text="Contract Number" />
                    <Menu Id="233" ParentId="230" Text="Date of Action" />
                    <Menu Id="234" ParentId="230" Text="Description of Action" />
                    <Menu Id="235" ParentId="230" Text="Agency Contact Person" />
                    <Menu Id="236" ParentId="230" Text="Phone #" />
                    <Menu Id="237" ParentId="230" Text="Select key people involved." />
                </ArrayOfMenu>
            </Menu>
            <Menu Id="238" ParentId="174" Text="At present or during the past five (5) years, has the Applicant Firm, or any current or past Key People or Affiliate Firm(s) been prevented, barred or agreed to voluntarily refrain from bidding for any reason?">
                <ArrayOfMenu>
                    <Menu Id="239" ParentId="238" Text="Agency" />
                    <Menu Id="240" ParentId="238" Text="Contract Number" />
                    <Menu Id="241" ParentId="238" Text="Date of Action" />
                    <Menu Id="242" ParentId="238" Text="Description of Action" />
                    <Menu Id="243" ParentId="238" Text="Agency Contact Person" />
                    <Menu Id="244" ParentId="238" Text="Phone #" />
                    <Menu Id="245" ParentId="238" Text="Select key people involved." />
                </ArrayOfMenu>
            </Menu>
            <Menu Id="246" ParentId="174" Text="At present or during the past five (5) years, has the Applicant Firm, or any current or past Key People or Affiliate Firm(s) been denied a contract for failure to obtain surety or otherwise provide required security?">
                <ArrayOfMenu>
                    <Menu Id="247" ParentId="246" Text="Agency" />
                    <Menu Id="248" ParentId="246" Text="Contract Number" />
                    <Menu Id="249" ParentId="246" Text="Date of Action" />
                    <Menu Id="250" ParentId="246" Text="Description of Action" />
                    <Menu Id="251" ParentId="246" Text="Agency Contact Person" />
                    <Menu Id="252" ParentId="246" Text="Phone #" />
                    <Menu Id="253" ParentId="246" Text="Select key people involved." />
                </ArrayOfMenu>
            </Menu>
            <Menu Id="254" ParentId="174" Text="At present or during the past five (5) years, has the Applicant Firm, or any current or past Key People or Affiliate Firm(s) had liquidated damages assessed against it upon completion of a contract?">
                <ArrayOfMenu>
                    <Menu Id="255" ParentId="254" Text="Agency" />
                    <Menu Id="256" ParentId="254" Text="Contract Number" />
                    <Menu Id="257" ParentId="254" Text="Date of Action" />
                    <Menu Id="258" ParentId="254" Text="Description of Action" />
                    <Menu Id="259" ParentId="254" Text="Agency Contact Person" />
                    <Menu Id="260" ParentId="254" Text="Phone #" />
                    <Menu Id="261" ParentId="254" Text="Select key people involved." />
                </ArrayOfMenu>
            </Menu>
            <Menu Id="262" ParentId="174" Text="At present or during the past five (5) years, has the Applicant Firm, or any current or past Key People or Affiliate Firm(s) either withdrawn or had any business related licenses, certificates or certifications revoked, rescinded, surrendered, suspended or otherwise restricted or sanctioned by a licensing body or agency?">
                <ArrayOfMenu>
                    <Menu Id="263" ParentId="262" Text="Agency" />
                    <Menu Id="264" ParentId="262" Text="Contract Number" />
                    <Menu Id="265" ParentId="262" Text="Date of Action" />
                    <Menu Id="266" ParentId="262" Text="Description of Action" />
                    <Menu Id="267" ParentId="262" Text="Agency Contact Person" />
                    <Menu Id="268" ParentId="262" Text="Phone #" />
                    <Menu Id="269" ParentId="262" Text="Select key people involved." />
                </ArrayOfMenu>
            </Menu>
        </ArrayOfMenu>
    </Menu>
    <Menu Id="270" ParentId="0" Text="Integrity: Section 2">
        <ArrayOfMenu>
            <Menu Id="271" ParentId="270" Text="At present or during the past five (5) years, has the Applicant Firm, or any current or past Key People or Affiliate Firms been a plaintiff, defendant, petitioner or respondent in any lawsuits arising out of a public or private construction project?">
                <ArrayOfMenu>
                    <Menu Id="272" ParentId="271" Text="Caption or Action" />
                    <Menu Id="273" ParentId="271" Text="Was the applicant firm / key person / affiliate a plaintiff or defendant?" />
                    <Menu Id="274" ParentId="271" Text="Court" />
                    <Menu Id="275" ParentId="271" Text="Index Number" />
                    <Menu Id="276" ParentId="271" Text="Docket Number" />
                    <Menu Id="277" ParentId="271" Text="Date" />
                    <Menu Id="278" ParentId="271" Text="Status and Summary" />
                </ArrayOfMenu>
            </Menu>
            <Menu Id="279" ParentId="270" Text="At present or during the past five (5) years, has the Applicant Firm, or any current or past Key People or Affiliate Firms been a plaintiff, defendant, petitioner or respondent in any lawsuit with any governmental agency?">
                <ArrayOfMenu>
                    <Menu Id="280" ParentId="279" Text="Caption or Action" />
                    <Menu Id="281" ParentId="279" Text="Was the applicant firm / key person / affiliate a plaintiff or defendant?" />
                    <Menu Id="282" ParentId="279" Text="Court" />
                    <Menu Id="283" ParentId="279" Text="Index Number" />
                    <Menu Id="284" ParentId="279" Text="Docket Number" />
                    <Menu Id="285" ParentId="279" Text="Date" />
                    <Menu Id="286" ParentId="279" Text="Status and Summary" />
                </ArrayOfMenu>
            </Menu>
            <Menu Id="287" ParentId="270" Text="At present or during the past five (5) years, has the Applicant Firm, or any current or past Key People or Affiliate Firms been a plaintiff, defendant, petitioner or respondent in any lawsuit concerning an allegation of unfair or unethical business practices?">
                <ArrayOfMenu>
                    <Menu Id="288" ParentId="287" Text="Caption or Action" />
                    <Menu Id="289" ParentId="287" Text="Was the applicant firm / key person / affiliate a plaintiff or defendant?" />
                    <Menu Id="290" ParentId="287" Text="Court" />
                    <Menu Id="291" ParentId="287" Text="Index Number" />
                    <Menu Id="292" ParentId="287" Text="Docket Number" />
                    <Menu Id="293" ParentId="287" Text="Date" />
                    <Menu Id="294" ParentId="287" Text="Status and Summary" />
                </ArrayOfMenu>
            </Menu>
            <Menu Id="295" ParentId="270" Text="At present or during the past ten (10) years has the Applicant Firm, or any of its current or past Key People or Affiliate Firm(s) been under any investigation concerning an alleged violation of criminal law?">
                <ArrayOfMenu>
                    <Menu Id="296" ParentId="295" Text="Agency or Court Involved" />
                    <Menu Id="297" ParentId="295" Text="Nature of Action" />
                    <Menu Id="298" ParentId="295" Text="Person/Entity Named" />
                    <Menu Id="299" ParentId="295" Text="Filing Date" />
                    <Menu Id="300" ParentId="295" Text="Status or Outcome" />
                </ArrayOfMenu>
            </Menu>
            <Menu Id="301" ParentId="270" Text="At present or during the past ten (10) years has the Applicant Firm, or any of its current or past Key People or Affiliate Firm(s) been advised that any of them were the target or subject of an investigation involving any violations of criminal law?">
                <ArrayOfMenu>
                    <Menu Id="302" ParentId="301" Text="Agency or Court Involved" />
                    <Menu Id="303" ParentId="301" Text="Nature of Action" />
                    <Menu Id="304" ParentId="301" Text="Person/Entity Named" />
                    <Menu Id="305" ParentId="301" Text="Filing Date" />
                    <Menu Id="306" ParentId="301" Text="Status or Outcome" />
                </ArrayOfMenu>
            </Menu>
            <Menu Id="307" ParentId="270" Text="At present or during the past ten (10) years has the Applicant Firm, or any of its current or past Key People or Affiliate Firm(s) been notified that any Key Person&rsquo;s communications or those of Applicant Firm or any of its Affiliate Firms were intercepted or that telephone instruments or premises used by any such person or entity were the subject of court ordered electronic surveillance?">
                <ArrayOfMenu>
                    <Menu Id="308" ParentId="307" Text="Agency or Court Involved" />
                    <Menu Id="309" ParentId="307" Text="Nature of Action" />
                    <Menu Id="310" ParentId="307" Text="Person/Entity Named" />
                    <Menu Id="311" ParentId="307" Text="Filing Date" />
                    <Menu Id="312" ParentId="307" Text="Status or Outcome" />
                </ArrayOfMenu>
            </Menu>
            <Menu Id="313" ParentId="270" Text="At present or during the past ten (10) years has the Applicant Firm, or any of its current or past Key People or Affiliate Firm(s) been arrested, indicted or named as a defendant or unindicted co-conspirator in any complaint, indictment or other accusatory instrument?">
                <ArrayOfMenu>
                    <Menu Id="314" ParentId="313" Text="Agency or Court Involved" />
                    <Menu Id="315" ParentId="313" Text="Nature of Action" />
                    <Menu Id="316" ParentId="313" Text="Person/Entity Named" />
                    <Menu Id="317" ParentId="313" Text="Filing Date" />
                    <Menu Id="318" ParentId="313" Text="Status or Outcome" />
                </ArrayOfMenu>
            </Menu>
            <Menu Id="319" ParentId="270" Text="At present or during the past ten (10) years has the Applicant Firm, or any of its current or past Key People or Affiliate Firm(s) been convicted, after trial or by plea, of any felony under local, state or federal law?">
                <ArrayOfMenu>
                    <Menu Id="320" ParentId="319" Text="Agency or Court Involved" />
                    <Menu Id="321" ParentId="319" Text="Nature of Action" />
                    <Menu Id="322" ParentId="319" Text="Person/Entity Named" />
                    <Menu Id="323" ParentId="319" Text="Filing Date" />
                    <Menu Id="324" ParentId="319" Text="Status or Outcome" />
                </ArrayOfMenu>
            </Menu>
            <Menu Id="325" ParentId="270" Text="At present or during the past ten (10) years has the Applicant Firm, or any of its current or past Key People or Affiliate Firm(s) been convicted of any misdemeanor concerning business-related conduct or involving moral turpitude?">
                <ArrayOfMenu>
                    <Menu Id="326" ParentId="325" Text="Agency or Court Involved" />
                    <Menu Id="327" ParentId="325" Text="Nature of Action" />
                    <Menu Id="328" ParentId="325" Text="Person/Entity Named" />
                    <Menu Id="329" ParentId="325" Text="Filing Date" />
                    <Menu Id="330" ParentId="325" Text="Status or Outcome" />
                </ArrayOfMenu>
            </Menu>
            <Menu Id="331" ParentId="270" Text="At present or during the past ten (10) years has the Applicant Firm, or any of its current or past Key People or Affiliate Firm(s) pleaded to a violation or entered a plea of nolo contendere to a charge concerning or related to embezzlement, theft, forgery, bribery, falsification or destruction of records, receiving stolen property or a violation of the antitrust law?">
                <ArrayOfMenu>
                    <Menu Id="332" ParentId="331" Text="Agency or Court Involved" />
                    <Menu Id="333" ParentId="331" Text="Nature of Action" />
                    <Menu Id="334" ParentId="331" Text="Person/Entity Named" />
                    <Menu Id="335" ParentId="331" Text="Filing Date" />
                    <Menu Id="336" ParentId="331" Text="Status or Outcome" />
                </ArrayOfMenu>
            </Menu>
            <Menu Id="337" ParentId="270" Text="At present or during the past ten (10) years has the Applicant Firm, or any of its current or past Key People or Affiliate Firm(s) entered into a consent decree, been the subject of a court order, including but not limited to preliminary or permanent injunctions or restraining orders, restricting or concerning business-related conduct, or retained an individual or entity to monitor the safety and/or business operations of the applicant firm, or entered into an agreement with an Independent Private Sector Inspector General (IPSIG)?">
                <ArrayOfMenu>
                    <Menu Id="338" ParentId="337" Text="Agency or Court Involved" />
                    <Menu Id="339" ParentId="337" Text="Nature of Action" />
                    <Menu Id="340" ParentId="337" Text="Person/Entity Named" />
                    <Menu Id="341" ParentId="337" Text="Filing Date" />
                    <Menu Id="342" ParentId="337" Text="Status or Outcome" />
                </ArrayOfMenu>
            </Menu>
            <Menu Id="343" ParentId="270" Text="At present or during the past ten (10) years has the Applicant Firm, or any of its current or past Key People or Affiliate Firm(s) been granted immunity from prosecution or from the use of any testimony by court order or the action of a grand jury?">
                <ArrayOfMenu>
                    <Menu Id="344" ParentId="343" Text="Agency or Court Involved" />
                    <Menu Id="345" ParentId="343" Text="Nature of Action" />
                    <Menu Id="346" ParentId="343" Text="Person/Entity Named" />
                    <Menu Id="347" ParentId="343" Text="Filing Date" />
                    <Menu Id="348" ParentId="343" Text="Status or Outcome" />
                </ArrayOfMenu>
            </Menu>
            <Menu Id="349" ParentId="270" Text="At present or during the past ten (10) years has the Applicant Firm, or any of its current or past Key People or Affiliate Firm(s) invoked the Fifth Amendment in response to any question as a witness in any legal proceeding before any court, grand jury, or other governmental agency?">
                <ArrayOfMenu>
                    <Menu Id="350" ParentId="349" Text="Agency or Court Involved" />
                    <Menu Id="351" ParentId="349" Text="Nature of Action" />
                    <Menu Id="352" ParentId="349" Text="Person/Entity Named" />
                    <Menu Id="353" ParentId="349" Text="Filing Date" />
                    <Menu Id="354" ParentId="349" Text="Status or Outcome" />
                </ArrayOfMenu>
            </Menu>
            <Menu Id="355" ParentId="270" Text="At present or during the past ten (10) years has the Applicant Firm, or any of its current or past Key People or Affiliate Firm(s) been promised by any prosecutor, orally or in writing, that their statements or testimony would not be used against them?">
                <ArrayOfMenu>
                    <Menu Id="356" ParentId="355" Text="Agency or Court Involved" />
                    <Menu Id="357" ParentId="355" Text="Nature of Action" />
                    <Menu Id="358" ParentId="355" Text="Person/Entity Named" />
                    <Menu Id="359" ParentId="355" Text="Filing Date" />
                    <Menu Id="360" ParentId="355" Text="Status or Outcome" />
                </ArrayOfMenu>
            </Menu>
        </ArrayOfMenu>
    </Menu>
    <Menu Id="361" ParentId="0" Text="Integrity: Section 3">
        <ArrayOfMenu>
            <Menu Id="362" ParentId="361" Text="At present or during the past ten (10) years has the Applicant Firm, any of its current or past Key People or Affiliate Firm(s) been the subject of an investigation, or named as a defendant in a lawsuit, by a public agency concerning any alleged civil violation of a state or federal anti-racketeering, organized crime control or antitrust statute (including, but not limited to the Federal Racketeering Influenced Corrupt Organization law, and the New York State Crime Control Act)?">
                <ArrayOfMenu>
                    <Menu Id="363" ParentId="362" Text="Agency or Court Involved" />
                    <Menu Id="364" ParentId="362" Text="Nature of Investigation/Charges" />
                    <Menu Id="365" ParentId="362" Text="Person/Entity Named" />
                    <Menu Id="366" ParentId="362" Text="Date of Charges" />
                    <Menu Id="367" ParentId="362" Text="Status or Outcome" />
                </ArrayOfMenu>
            </Menu>
            <Menu Id="368" ParentId="361" Text="At present or during the past ten (10) years has the Applicant Firm, any of its current or past Key People or Affiliate Firm(s) been the subject of an investigation by any public regulatory agency including, but not limited to, the U.S. Department of Housing and Urban Development (HUD), the U.S. Environmental Protection Agency (EPA) or the U.S. Securities and Exchange Commission (SEC), the U.S. Immigration and Naturalization Service or the equivalent public agencies of any state?">
                <ArrayOfMenu>
                    <Menu Id="369" ParentId="368" Text="Agency or Court Involved" />
                    <Menu Id="370" ParentId="368" Text="Nature of Investigation/Charges" />
                    <Menu Id="371" ParentId="368" Text="Person/Entity Named" />
                    <Menu Id="372" ParentId="368" Text="Date of Charges" />
                    <Menu Id="373" ParentId="368" Text="Status or Outcome" />
                </ArrayOfMenu>
            </Menu>
            <Menu Id="374" ParentId="361" Text="At present or during the past ten (10) years has the Applicant Firm, any of its current or past Key People or Affiliate Firm(s) been the subject of an investigation or any other administrative, statutory or regulatory violations?">
                <ArrayOfMenu>
                    <Menu Id="375" ParentId="374" Text="Agency or Court Involved" />
                    <Menu Id="376" ParentId="374" Text="Nature of Investigation/Charges" />
                    <Menu Id="377" ParentId="374" Text="Person/Entity Named" />
                    <Menu Id="378" ParentId="374" Text="Date of Charges" />
                    <Menu Id="379" ParentId="374" Text="Status or Outcome" />
                </ArrayOfMenu>
            </Menu>
            <Menu Id="380" ParentId="361" Text="At present or during the past ten (10) years has the Applicant Firm, any of its current or past Key People or Affiliate Firm(s) been the subject of an investigation or paid a fine or made a payment to settle any of the above without an admission of guilt?">
                <ArrayOfMenu>
                    <Menu Id="381" ParentId="380" Text="Agency or Court Involved" />
                    <Menu Id="382" ParentId="380" Text="Nature of Investigation/Charges" />
                    <Menu Id="383" ParentId="380" Text="Person/Entity Named" />
                    <Menu Id="384" ParentId="380" Text="Date of Charges" />
                    <Menu Id="385" ParentId="380" Text="Status or Outcome" />
                </ArrayOfMenu>
            </Menu>
            <Menu Id="386" ParentId="361" Text="At present or during the past ten (10) years has the Applicant Firm, any of its current or past Key People or Affiliate Firm(s) had any administrative charges filed by any public agency that are pending as of the date of this application?">
                <ArrayOfMenu>
                    <Menu Id="387" ParentId="386" Text="Agency or Court Involved" />
                    <Menu Id="388" ParentId="386" Text="Nature of Investigation/Charges" />
                    <Menu Id="389" ParentId="386" Text="Person/Entity Named" />
                    <Menu Id="390" ParentId="386" Text="Date of Charges" />
                    <Menu Id="391" ParentId="386" Text="Status or Outcome" />
                </ArrayOfMenu>
            </Menu>
            <Menu Id="392" ParentId="361" Text="At present or during the past ten (10) years has the Applicant Firm, any of its current or past Key people or Affiliate Firm been under investigation or cited for, entered into a settlement agreement concerning or found to have committed a violation of any local, state, or federal labor law or regulation including prevailing wage rates and fair labor practices?">
                <ArrayOfMenu>
                    <Menu Id="393" ParentId="392" Text="Agency or Court Involved" />
                    <Menu Id="394" ParentId="392" Text="Nature of Violation" />
                    <Menu Id="395" ParentId="392" Text="Person/Entity Named" />
                    <Menu Id="396" ParentId="392" Text="Date of Charges" />
                    <Menu Id="397" ParentId="392" Text="Status or Outcome" />
                </ArrayOfMenu>
            </Menu>
        </ArrayOfMenu>
    </Menu>
    <Menu Id="398" ParentId="0" Text="Integrity: Section 4">
        <ArrayOfMenu>
            <Menu Id="399" ParentId="398" Text="At present or during the past ten (10) years has the Applicant Firm, any of its current or past Key People or Affiliate Firm(s) filed with, or submitted to a government agency, or any employee or representative thereof, by any means, including, but not limited to, telefax, e-mail, or any other form of electronic communication, any document which any Key Person of the Applicant Firm knew to contain a false statement or false information?">
                <ArrayOfMenu>
                    <Menu Id="400" ParentId="399" Text="Please describe in detail" />
                    <Menu Id="401" ParentId="399" Text="Select key people involved." />
                    <Menu Id="402" ParentId="399" Text="From Date" />
                    <Menu Id="403" ParentId="399" Text="To Date" />
                </ArrayOfMenu>
            </Menu>
            <Menu Id="404" ParentId="398" Text="At present or during the past ten (10) years has the Applicant Firm, any of its current or past Key People or Affiliate Firm(s) falsification of business records?">
                <ArrayOfMenu>
                    <Menu Id="405" ParentId="404" Text="Please describe in detail" />
                    <Menu Id="406" ParentId="404" Text="Select key people involved." />
                    <Menu Id="407" ParentId="404" Text="From Date" />
                    <Menu Id="408" ParentId="404" Text="To Date" />
                </ArrayOfMenu>
            </Menu>
            <Menu Id="409" ParentId="398" Text="At present or during the past ten (10) years has the Applicant Firm, any of its current or past Key People or Affiliate Firm(s) given, or offered to give, money, gifts or anything of value or any other benefit to a labor official or public servant with intent to influence that labor official or public servant with respect to any of his or her official acts, duties or decisions as a labor official or public servant?">
                <ArrayOfMenu>
                    <Menu Id="410" ParentId="409" Text="Please describe in detail" />
                    <Menu Id="411" ParentId="409" Text="Select key people involved." />
                    <Menu Id="412" ParentId="409" Text="From Date" />
                    <Menu Id="413" ParentId="409" Text="To Date" />
                </ArrayOfMenu>
            </Menu>
            <Menu Id="414" ParentId="398" Text="At present or during the past ten (10) years has the Applicant Firm, any of its current or past Key People or Affiliate Firm(s) given or offered to give, money, gifts or anything of value or any benefit to a labor official or public servant for any reason?">
                <ArrayOfMenu>
                    <Menu Id="415" ParentId="414" Text="Please describe in detail" />
                    <Menu Id="416" ParentId="414" Text="Select key people involved." />
                    <Menu Id="417" ParentId="414" Text="From Date" />
                    <Menu Id="418" ParentId="414" Text="To Date" />
                </ArrayOfMenu>
            </Menu>
            <Menu Id="419" ParentId="398" Text="At present or during the past ten (10) years has the Applicant Firm, any of its current or past Key People or Affiliate Firm(s) given, or offered to give, money or other benefit to an official or employee of a private business with intent to induce that official or employee to engage in unethical or illegal business practices?">
                <ArrayOfMenu>
                    <Menu Id="420" ParentId="419" Text="Please describe in detail" />
                    <Menu Id="421" ParentId="419" Text="Select key people involved." />
                    <Menu Id="422" ParentId="419" Text="From Date" />
                    <Menu Id="423" ParentId="419" Text="To Date" />
                </ArrayOfMenu>
            </Menu>
            <Menu Id="424" ParentId="398" Text="At present or during the past ten (10) years has the Applicant Firm, any of its current or past Key People or Affiliate Firm(s) received or been approached to receive money, gifts, other inducement or anything of value from an employee or officer of a private business for the purpose of inducing a key person to engage in unethical or illegal business practices?">
                <ArrayOfMenu>
                    <Menu Id="425" ParentId="424" Text="Please describe in detail" />
                    <Menu Id="426" ParentId="424" Text="Select key people involved." />
                    <Menu Id="427" ParentId="424" Text="From Date" />
                    <Menu Id="428" ParentId="424" Text="To Date" />
                </ArrayOfMenu>
            </Menu>
            <Menu Id="429" ParentId="398" Text="At present or during the past ten (10) years has the Applicant Firm, any of its current or past Key People or Affiliate Firm(s) agreed with another person to submit a proposal or price or bid below prevailing market rate?">
                <ArrayOfMenu>
                    <Menu Id="430" ParentId="429" Text="Please describe in detail" />
                    <Menu Id="431" ParentId="429" Text="Select key people involved." />
                    <Menu Id="432" ParentId="429" Text="From Date" />
                    <Menu Id="433" ParentId="429" Text="To Date" />
                </ArrayOfMenu>
            </Menu>
            <Menu Id="434" ParentId="398" Text="At present or during the past ten (10) years has the Applicant Firm, any of its current or past Key People or Affiliate Firm(s) agreed with another person to submit identical or complimentary bids, prices or proposals or otherwise not to bid competitively or agree to withdraw or abstain from bidding?">
                <ArrayOfMenu>
                    <Menu Id="435" ParentId="434" Text="Please describe in detail" />
                    <Menu Id="436" ParentId="434" Text="Select key people involved." />
                    <Menu Id="437" ParentId="434" Text="From Date" />
                    <Menu Id="438" ParentId="434" Text="To Date" />
                </ArrayOfMenu>
            </Menu>
            <Menu Id="439" ParentId="398" Text="At present or during the past ten (10) years has the Applicant Firm, any of its current or past Key People or Affiliate Firm(s) agreed with another person not to submit competitive bids, prices or proposals in another&rsquo;s territory established either by geography or customers?">
                <ArrayOfMenu>
                    <Menu Id="440" ParentId="439" Text="Please describe in detail" />
                    <Menu Id="441" ParentId="439" Text="Select key people involved." />
                    <Menu Id="442" ParentId="439" Text="From Date" />
                    <Menu Id="443" ParentId="439" Text="To Date" />
                </ArrayOfMenu>
            </Menu>
            <Menu Id="444" ParentId="398" Text="At present or during the past ten (10) years has the Applicant Firm, any of its current or past Key People or Affiliate Firm(s) agreed with another person to take turns in obtaining contracts by pre-determining which firm shall submit the lowest bid, price or proposal?">
                <ArrayOfMenu>
                    <Menu Id="445" ParentId="444" Text="Please describe in detail" />
                    <Menu Id="446" ParentId="444" Text="Select key people involved." />
                    <Menu Id="447" ParentId="444" Text="From Date" />
                    <Menu Id="448" ParentId="444" Text="To Date" />
                </ArrayOfMenu>
            </Menu>
        </ArrayOfMenu>
    </Menu>
    <Menu Id="449" ParentId="0" Text="Financial Information: Section 1">
        <ArrayOfMenu>
            <Menu Id="450" ParentId="449" Text="Please provide information for each business bank account, whether domestic/foreign/offshore, held by the Applicant Firm.">
                <ArrayOfMenu>
                    <Menu Id="451" ParentId="450" Text="Name onAccount" />
                    <Menu Id="452" ParentId="450" Text="Type of Account" />
                    <Menu Id="453" ParentId="450" Text="Bank Name" />
                    <Menu Id="454" ParentId="450" Text="Bank Address" />
                    <Menu Id="455" ParentId="450" Text="Select ALL signatories for this account." />
                </ArrayOfMenu>
            </Menu>
            <Menu Id="456" ParentId="449" Text="Does the applicant firm have a line of credit and/or an unsecured or secured loan provided by a lending institution?">
                <ArrayOfMenu>
                    <Menu Id="457" ParentId="456" Text="Amount of Credit" />
                    <Menu Id="458" ParentId="456" Text="Amount Owed" />
                    <Menu Id="459" ParentId="456" Text="Revolving Line of Credit" />
                    <Menu Id="460" ParentId="456" Text="Termination Date" />
                    <Menu Id="461" ParentId="456" Text="Name of Lending Institution" />
                    <Menu Id="462" ParentId="456" Text="Name of Loan Officer" />
                    <Menu Id="463" ParentId="456" Text="Phone # of Loan Officer" />
                </ArrayOfMenu>
            </Menu>
            <Menu Id="464" ParentId="449" Text="At present or during the past five (5) years has the Applicant Firm been indebted, either formally or informally, to an individual or entity other than a commercial lending institution in the cumulative amount of $50,000 or more?">
                <ArrayOfMenu>
                    <Menu Id="465" ParentId="464" Text="Name of Creditor" />
                    <Menu Id="466" ParentId="464" Text="Name of Borrower" />
                    <Menu Id="467" ParentId="464" Text="Type of Investment/Loan/Credit" />
                    <Menu Id="468" ParentId="464" Text="Amount of Loan" />
                    <Menu Id="469" ParentId="464" Text="Balance Owed" />
                    <Menu Id="470" ParentId="464" Text="Terms of Pledge or Loan" />
                    <Menu Id="471" ParentId="464" Text="Name of Guarantor/Co-Signer" />
                    <Menu Id="472" ParentId="464" Text="From Date" />
                    <Menu Id="473" ParentId="464" Text="To Date" />
                </ArrayOfMenu>
            </Menu>
            <Menu Id="474" ParentId="449" Text="At present or during the past five (5) years have any of the Applicant Firm&rsquo;s Key People been indebted, either formally or informally, to an individual or entity other than a commercial lending institution in the cumulative amount of $50,000 or more, for the benefit of the Applicant Firm?">
                <ArrayOfMenu>
                    <Menu Id="475" ParentId="474" Text="Name of Creditor" />
                    <Menu Id="476" ParentId="474" Text="Name of Borrower" />
                    <Menu Id="477" ParentId="474" Text="Type of Investment/Loan/Credit" />
                    <Menu Id="478" ParentId="474" Text="Amount of Loan" />
                    <Menu Id="479" ParentId="474" Text="Balance Owed" />
                    <Menu Id="480" ParentId="474" Text="Terms of Pledge or Loan" />
                    <Menu Id="481" ParentId="474" Text="Name of Guarantor/Co-Signer" />
                    <Menu Id="482" ParentId="474" Text="From Date" />
                    <Menu Id="483" ParentId="474" Text="To Date" />
                </ArrayOfMenu>
            </Menu>
            <Menu Id="484" ParentId="449" Text="At present or during the past five (5) years has any individual or firm been a guarantor, co-maker or co-signer of any of these obligations on behalf of the Applicant Firm?">
                <ArrayOfMenu>
                    <Menu Id="485" ParentId="484" Text="Name of Creditor" />
                    <Menu Id="486" ParentId="484" Text="Name of Borrower" />
                    <Menu Id="487" ParentId="484" Text="Type of Investment/Loan/Credit" />
                    <Menu Id="488" ParentId="484" Text="Amount of Loan" />
                    <Menu Id="489" ParentId="484" Text="Balance Owed" />
                    <Menu Id="490" ParentId="484" Text="Terms of Pledge or Loan" />
                    <Menu Id="491" ParentId="484" Text="Name of Guarantor/Co-Signer" />
                    <Menu Id="492" ParentId="484" Text="From Date" />
                    <Menu Id="493" ParentId="484" Text="To Date" />
                </ArrayOfMenu>
            </Menu>
            <Menu Id="494" ParentId="449" Text="At present or during the past five (5) years, has the Applicant Firm, its Key People or Affiliate Firm(s) been the subject of a judgment of $50,000 or more by a subcontractor, supplier, labor union, benefit fund or other creditor?">
                <ArrayOfMenu>
                    <Menu Id="495" ParentId="494" Text="Agency/Owner Involved" />
                    <Menu Id="496" ParentId="494" Text="Case #" />
                    <Menu Id="497" ParentId="494" Text="Docket #" />
                    <Menu Id="498" ParentId="494" Text="Court" />
                    <Menu Id="499" ParentId="494" Text="County" />
                    <Menu Id="500" ParentId="494" Text="Description of Circumstances" />
                    <Menu Id="501" ParentId="494" Text="Current Status" />
                    <Menu Id="502" ParentId="494" Text="Date of Events" />
                    <Menu Id="503" ParentId="494" Text="Name of Agency/Owner Contact" />
                    <Menu Id="504" ParentId="494" Text="Phone # of Agency/Owner Contact" />
                </ArrayOfMenu>
            </Menu>
            <Menu Id="505" ParentId="449" Text="At present or during the past five (5) years, has the Applicant Firm, its Key People or Affiliate Firm(s) been a party to a bankruptcy or reorganization proceeding?">
                <ArrayOfMenu>
                    <Menu Id="506" ParentId="505" Text="Agency/Owner Involved" />
                    <Menu Id="507" ParentId="505" Text="Case #" />
                    <Menu Id="508" ParentId="505" Text="Docket #" />
                    <Menu Id="509" ParentId="505" Text="Court" />
                    <Menu Id="510" ParentId="505" Text="County" />
                    <Menu Id="511" ParentId="505" Text="Description of Circumstances" />
                    <Menu Id="512" ParentId="505" Text="Current Status" />
                    <Menu Id="513" ParentId="505" Text="Date of Events" />
                    <Menu Id="514" ParentId="505" Text="Name of Agency/Owner Contact" />
                    <Menu Id="515" ParentId="505" Text="Phone # of Agency/Owner Contact" />
                </ArrayOfMenu>
            </Menu>
            <Menu Id="516" ParentId="449" Text="At present or during the past five (5) years, has the Applicant Firm, its Key People or Affiliate Firm(s) had any delinquent local, city, state or federal taxes outstanding?">
                <ArrayOfMenu>
                    <Menu Id="517" ParentId="516" Text="Agency/Owner Involved" />
                    <Menu Id="518" ParentId="516" Text="Case #" />
                    <Menu Id="519" ParentId="516" Text="Docket #" />
                    <Menu Id="520" ParentId="516" Text="Court" />
                    <Menu Id="521" ParentId="516" Text="County" />
                    <Menu Id="522" ParentId="516" Text="Description of Circumstances" />
                    <Menu Id="523" ParentId="516" Text="Current Status" />
                    <Menu Id="524" ParentId="516" Text="Date of Events" />
                    <Menu Id="525" ParentId="516" Text="Name of Agency/Owner Contact" />
                    <Menu Id="526" ParentId="516" Text="Phone # of Agency/Owner Contact" />
                </ArrayOfMenu>
            </Menu>
            <Menu Id="527" ParentId="449" Text="At present or in the past five (5) years has the Applicant Firm or any of its Key People or Affiliate Firm(s) loaned the cumulative amount of $50,000 or more, either formally or an individual or entity?">
                <ArrayOfMenu>
                    <Menu Id="528" ParentId="527" Text="Receiver Name" />
                    <Menu Id="529" ParentId="527" Text="Receiver Address" />
                    <Menu Id="530" ParentId="527" Text="Amount Loaned" />
                    <Menu Id="531" ParentId="527" Text="Amount Paid" />
                    <Menu Id="532" ParentId="527" Text="Reason for Loan/Payment" />
                    <Menu Id="533" ParentId="527" Text="From Date" />
                    <Menu Id="534" ParentId="527" Text="To Date" />
                </ArrayOfMenu>
            </Menu>
            <Menu Id="535" ParentId="449" Text="At present or in the past five (5) years has the Applicant Firm or any of its Key People or Affiliate Firm(s) paid any commission or fee of any kind to anyone who is not a Key Person of the firm for the purpose of obtaining contracts or work?">
                <ArrayOfMenu>
                    <Menu Id="536" ParentId="535" Text="Receiver Name" />
                    <Menu Id="537" ParentId="535" Text="Receiver Address" />
                    <Menu Id="538" ParentId="535" Text="Amount Loaned" />
                    <Menu Id="539" ParentId="535" Text="Amount Paid" />
                    <Menu Id="540" ParentId="535" Text="Reason for Loan/Payment" />
                    <Menu Id="541" ParentId="535" Text="From Date" />
                    <Menu Id="542" ParentId="535" Text="To Date" />
                </ArrayOfMenu>
            </Menu>
        </ArrayOfMenu>
    </Menu>
    <Menu Id="543" ParentId="0" Text="Financial Information: Section 2">
        <ArrayOfMenu>
            <Menu Id="544" ParentId="543" Text="Base the following on calendar or fiscal years?" />
            <Menu Id="545" ParentId="543" Text="Last Fiscal Year End" />
            <Menu Id="546" ParentId="543" Text="State the number of projects and the total dollar amount of the Applicant Firm&rsquo;s sales/revenue for each of the past three (3) fiscal or calendar years." />
            <Menu Id="547" ParentId="543" Text="Has the Applicant Firm ever failed to complete a contract due to Financial Constraints, including Bankruptcy?">
                <ArrayOfMenu>
                    <Menu Id="548" ParentId="547" Text="Agency Involved" />
                    <Menu Id="549" ParentId="547" Text="Contract Number" />
                    <Menu Id="550" ParentId="547" Text="Date of Action" />
                    <Menu Id="551" ParentId="547" Text="Description of Action" />
                    <Menu Id="552" ParentId="547" Text="Name of Agency Contact" />
                    <Menu Id="553" ParentId="547" Text="Phone # of Agency Contact" />
                </ArrayOfMenu>
            </Menu>
            <Menu Id="554" ParentId="543" Text="Has the Applicant Firm ever failed to complete a contract due to Non-Compliance with Loan Covenant?">
                <ArrayOfMenu>
                    <Menu Id="555" ParentId="554" Text="Agency Involved" />
                    <Menu Id="556" ParentId="554" Text="Contract Number" />
                    <Menu Id="557" ParentId="554" Text="Date of Action" />
                    <Menu Id="558" ParentId="554" Text="Description of Action" />
                    <Menu Id="559" ParentId="554" Text="Name of Agency Contact" />
                    <Menu Id="560" ParentId="554" Text="Phone # of Agency Contact" />
                </ArrayOfMenu>
            </Menu>
            <Menu Id="561" ParentId="543" Text="Has the Applicant Firm ever failed to complete a contract due to Non-Compliance with Surety Covenant?">
                <ArrayOfMenu>
                    <Menu Id="562" ParentId="561" Text="Agency Involved" />
                    <Menu Id="563" ParentId="561" Text="Contract Number" />
                    <Menu Id="564" ParentId="561" Text="Date of Action" />
                    <Menu Id="565" ParentId="561" Text="Description of Action" />
                    <Menu Id="566" ParentId="561" Text="Name of Agency Contact" />
                    <Menu Id="567" ParentId="561" Text="Phone # of Agency Contact" />
                </ArrayOfMenu>
            </Menu>
        </ArrayOfMenu>
    </Menu>
    <Menu Id="568" ParentId="0" Text="Financial Information: Section 3">
        <ArrayOfMenu>
            <Menu Id="569" ParentId="568" Text="Does the Applicant Firm have a bonding capacity?">
                <ArrayOfMenu>
                    <Menu Id="570" ParentId="569" Text="Surety Name" />
                    <Menu Id="571" ParentId="569" Text="Address" />
                    <Menu Id="572" ParentId="569" Text="Agent/Broker" />
                    <Menu Id="573" ParentId="569" Text="Phone #" />
                    <Menu Id="574" ParentId="569" Text="Bonding Letter" />
                    <Menu Id="575" ParentId="569" Text="In writing bonds for the Applicant Firm, does the surety company rely on the indemnity of any other firm(s) or individual(s)?" />
                    <Menu Id="576" ParentId="569" Text="Supply names &amp; addresses of others" />
                    <Menu Id="577" ParentId="569" Text="Single Job Bonding Capacity" />
                    <Menu Id="578" ParentId="569" Text="Aggregate Bonding Capacity" />
                </ArrayOfMenu>
            </Menu>
            <Menu Id="579" ParentId="568" Text="Does the Applicant Firm carry errors and omissions insurance?" />
            <Menu Id="580" ParentId="568" Text="Errors &amp; Omissions" />
            <Menu Id="581" ParentId="568" Text="Does the Applicant Firm carry professional liability insurance?" />
            <Menu Id="582" ParentId="568" Text="Professional Liability" />
            <Menu Id="583" ParentId="568" Text="At present or during the past five (5) years have there been any errors or omissions or professional liability claims against the Applicant Firm?">
                <ArrayOfMenu>
                    <Menu Id="584" ParentId="583" Text="Insurance Type" />
                    <Menu Id="585" ParentId="583" Text="Date Claim Filed" />
                    <Menu Id="586" ParentId="583" Text="Claimant" />
                    <Menu Id="587" ParentId="583" Text="Claim Amount" />
                    <Menu Id="588" ParentId="583" Text="Insurer" />
                    <Menu Id="589" ParentId="583" Text="Disposition" />
                    <Menu Id="590" ParentId="583" Text="Summary/Details" />
                </ArrayOfMenu>
            </Menu>
        </ArrayOfMenu>
    </Menu>
    <Menu Id="591" ParentId="0" Text="Experience: Section 1">
        <ArrayOfMenu>
            <Menu Id="592" ParentId="591" Text="Select specific trade code(s) desired." />
            <Menu Id="593" ParentId="591" Text="Describe principal products/commodities sold or services offered" />
        </ArrayOfMenu>
    </Menu>
    <Menu Id="594" ParentId="0" Text="Experience: Section 2">
        <ArrayOfMenu>
            <Menu Id="595" ParentId="594" Text="Average of Commercial References" />
            <Menu Id="596" ParentId="594" Text="List ALL of the Applicant Firm&rsquo;s commercial prime contracts or commercial subcontracts completed within the last 3 years.">
                <ArrayOfMenu>
                    <Menu Id="597" ParentId="596" Text="Agency/Owner/Developer" />
                    <Menu Id="598" ParentId="596" Text="General Contractor on Project" />
                    <Menu Id="599" ParentId="596" Text="Project Name" />
                    <Menu Id="600" ParentId="596" Text="Project Contract #" />
                    <Menu Id="601" ParentId="596" Text="Were you a prime or a sub?" />
                    <Menu Id="602" ParentId="596" Text="Applicant Firm&rsquo;s Contract $ Amount" />
                    <Menu Id="603" ParentId="596" Text="Project Address" />
                    <Menu Id="604" ParentId="596" Text="Start Date of Applicant Firm&rsquo;s Contract" />
                    <Menu Id="605" ParentId="596" Text="Completion Date of Applicant Firm&rsquo;s Contract" />
                    <Menu Id="606" ParentId="596" Text="This project was completed in a disadvantaged area" />
                    <Menu Id="607" ParentId="596" Text="Ongoing" />
                    <Menu Id="608" ParentId="596" Text="Borough" />
                    <Menu Id="609" ParentId="596" Text="Describe Work Performed on Project" />
                    <Menu Id="610" ParentId="596" Text="Please select specific trade code(s)" />
                    <Menu Id="611" ParentId="596" Text="Representative from Agency/Owner/Developer Familiar with Performance" />
                </ArrayOfMenu>
            </Menu>
        </ArrayOfMenu>
    </Menu>
    <Menu Id="612" ParentId="0" Text="Experience: Section 3">
        <ArrayOfMenu>
            <Menu Id="613" ParentId="612" Text="Please list below and provide copies (front and back) of all licenses, registrations, certifications, etc. necessary for work the Applicant Firm will perform.">
                <ArrayOfMenu>
                    <Menu Id="614" ParentId="613" Text="Individual Named on License/Certification" />
                    <Menu Id="615" ParentId="613" Text="Corporation Name on License" />
                    <Menu Id="616" ParentId="613" Text="Issued By" />
                    <Menu Id="617" ParentId="613" Text="License/Certification Number" />
                    <Menu Id="618" ParentId="613" Text="Expiration Date" />
                    <Menu Id="619" ParentId="613" Text="Attach License" />
                </ArrayOfMenu>
            </Menu>
        </ArrayOfMenu>
    </Menu>
    <Menu Id="620" ParentId="0" Text="Apprenticeship">
        <ArrayOfMenu>
            <Menu Id="621" ParentId="620" Text="At present or within the past three (3) years, has the Applicant Firm had a labor agreement with any labor union/organization with jurisdiction in the City of New York or participated in a New York State Department of Labor approved Apprentice Program?">
                <ArrayOfMenu>
                    <Menu Id="622" ParentId="621" Text="Labor Union or NYS-DOL Approved Apprenticeship Program" />
                    <Menu Id="623" ParentId="621" Text="Local Number" />
                    <Menu Id="624" ParentId="621" Text="Number of Years Affiliated" />
                    <Menu Id="625" ParentId="621" Text="Affiliated From" />
                    <Menu Id="626" ParentId="621" Text="Affiliated To" />
                    <Menu Id="627" ParentId="621" Text="Apprenticeship Program" />
                </ArrayOfMenu>
            </Menu>
        </ArrayOfMenu>
    </Menu>
    <Menu Id="628" ParentId="0" Text="Safety: Section 1">
        <ArrayOfMenu>
            <Menu Id="629" ParentId="628" Text="# of Construction Employees" />
            <Menu Id="630" ParentId="628" Text="Hours Worked" />
            <Menu Id="631" ParentId="628" Text="Does the Applicant Firm have a written safety program?" />
            <Menu Id="632" ParentId="628" Text="Attach Safety Program" />
            <Menu Id="633" ParentId="628" Text="Provide the name and title of the highest-ranking employee of the Applicant Firm responsible for safety. Please also attach any relevant safety certifications/licenses." />
            <Menu Id="634" ParentId="628" Text="EMR (Experience Modification Rating)" />
            <Menu Id="635" ParentId="628" Text="# OSHA Recordable Cases" />
            <Menu Id="636" ParentId="628" Text="Total Days Away from Work" />
            <Menu Id="637" ParentId="628" Text="# Fatalities" />
            <Menu Id="638" ParentId="628" Text="Attach letter from insurance carrier or information page from worker&rsquo;s compensation policy indicating firm&rsquo;s EMR" />
            <Menu Id="639" ParentId="628" Text="Attach OSHA 300 log" />
        </ArrayOfMenu>
    </Menu>
    <Menu Id="640" ParentId="0" Text="Safety: Section 2">
        <ArrayOfMenu>
            <Menu Id="641" ParentId="640" Text="List the number of violations issued by OSHA as Serious, Willful, Repeat, or Failure to Abate Penalty for the current year and the past five (5) years." />
            <Menu Id="642" ParentId="640" Text="For each violation, upload a copy of the initial OSHA violation report (must include violation date, type, violation number, and nature of violation) and provide the status/outcome (including penalty or fine paid or pending) and additional details, if any." />
            <Menu Id="643" ParentId="640" Text="Has the Applicant Firm made a payment or paid a fine to settle any other OSHA violations without an admission of guilt?" />
            <Menu Id="644" ParentId="640" Text="Please Explain" />
        </ArrayOfMenu>
    </Menu>
    <Menu Id="645" ParentId="0" Text="Safety: Section 3">
        <ArrayOfMenu>
            <Menu Id="646" ParentId="645" Text="Does the Applicant Firm have a written safety program?" />
            <Menu Id="647" ParentId="645" Text="Attach Safety Program" />
            <Menu Id="648" ParentId="645" Text="Provide the name and title of the highest-ranking employee of the Applicant Firm responsible for safety. Please also attach any relevant safety certifications/licenses." />
        </ArrayOfMenu>
    </Menu>
    <Menu Id="649" ParentId="0" Text="MWLBE Programs">
        <ArrayOfMenu>
            <Menu Id="650" ParentId="649" Text="Do you want to be certified by the SCA?" />
            <Menu Id="651" ParentId="649" Text="Which certification(s) would you like to request?" />
            <Menu Id="652" ParentId="649" Text="Is the Applicant Firm interested in applying to the SCA&rsquo;s Mentor Program?" />
            <Menu Id="653" ParentId="649" Text="Has the firm applied for or received a determination for certification as an M/WBE with another government agency, department or authority?">
                <ArrayOfMenu>
                    <Menu Id="654" ParentId="653" Text="Agency" />
                    <Menu Id="655" ParentId="653" Text="Date" />
                    <Menu Id="656" ParentId="653" Text="Contact Person" />
                    <Menu Id="657" ParentId="653" Text="Phone #" />
                    <Menu Id="658" ParentId="653" Text="MWLBE Status" />
                    <Menu Id="659" ParentId="653" Text="Attach Certification" />
                </ArrayOfMenu>
            </Menu>
            <Menu Id="660" ParentId="649" Text="Are there appeals pending on any of the above applications or certifications?">
                <ArrayOfMenu>
                    <Menu Id="661" ParentId="660" Text="Agency" />
                    <Menu Id="662" ParentId="660" Text="Date of Appeal" />
                    <Menu Id="663" ParentId="660" Text="Contact Person" />
                    <Menu Id="664" ParentId="660" Text="Phone #" />
                </ArrayOfMenu>
            </Menu>
            <Menu Id="665" ParentId="649" Text="Has the Applicant Firm ever been denied or rejected certification for any of the preceding designations? or had its certification revoked?" />
            <Menu Id="666" ParentId="649" Text="Has the Applicant Firm ever had its certification rescinded?" />
            <Menu Id="667" ParentId="649" Text="How did you hear about the SCA MWLBE certification program?" />
            <Menu Id="668" ParentId="649" Text="Do you want to generate a copy of your completed uniform certification application to send to other certifying agencies, under an agreed MOU?" />
        </ArrayOfMenu>
    </Menu>
    <Menu Id="669" ParentId="0" Text="Additional Documents">
        <ArrayOfMenu>
            <Menu Id="670" ParentId="669" Text="Supporting Documents" />
            <Menu Id="671" ParentId="669" Text="Financial Statements" />
        </ArrayOfMenu>
    </Menu>
    <Menu Id="672" ParentId="0" Text="Submit Form">
        <ArrayOfMenu>
            <Menu Id="673" ParentId="672" Text="Name" />
            <Menu Id="674" ParentId="672" Text="Title" />
            <Menu Id="675" ParentId="672" Text="Phone #" />
            <Menu Id="676" ParentId="672" Text="Email Address" />
        </ArrayOfMenu>
    </Menu>
</ArrayOfMenu>