<?xml version="1.0" encoding="utf-8" ?>
<ArrayOfMenu>
    <Menu Id="1" ParentId="0" Text="General Information: Section 1">
        <ArrayOfMenu>
            <Menu Id="2" ParentId="1" Text="Name of Applicant Firm" />
            <Menu Id="3" ParentId="1" Text="Login ID" />
            <Menu Id="4" ParentId="1" Text="D/B/A Name" />
            <Menu Id="5" ParentId="1" Text="Type of Organization" />
            <Menu Id="6" ParentId="1" Text="EIN/SSN" />
            <Menu Id="7" ParentId="1" Text="Physical Address" />
            <Menu Id="8" ParentId="1" Text="Mailing Address" />
            <Menu Id="9" ParentId="1" Text="Company Phone #" />
            <Menu Id="10" ParentId="1" Text="Company Fax Number" />
            <Menu Id="11" ParentId="1" Text="Web Address" />
            <Menu Id="12" ParentId="1" Text="Application Contact" />
            <Menu Id="13" ParentId="1" Text="Secondary Contact" />
            <Menu Id="14" ParentId="1" Text="Notification of bidding opportunities" />
            <Menu Id="15" ParentId="1" Text="Solicitation-specific communications" />
        </ArrayOfMenu>
    </Menu>
    <Menu Id="16" ParentId="0" Text="General Information: Section 2">
        <ArrayOfMenu>
            <Menu Id="17" ParentId="16" Text="I would like to apply for" />
            <Menu Id="18" ParentId="16" Text="Date Applicant Firm Founded" />
            <Menu Id="19" ParentId="16" Text="County in which business certificate is filed" />
            <Menu Id="20" ParentId="16" Text="Please attach a copy of Applicant Firm&rsquo;s business certificate filed with the local County Clerk&rsquo;s office" />
            <Menu Id="21" ParentId="16" Text="State Incorporated" />
            <Menu Id="22" ParentId="16" Text="Date Incorporated" />
            <Menu Id="23" ParentId="16" Text="Number of shares authorized to the corporation" />
            <Menu Id="24" ParentId="16" Text="Number of shares issued to individuals or entities" />
            <Menu Id="25" ParentId="16" Text="State LLC Formed" />
            <Menu Id="26" ParentId="16" Text="Date LLC Incorporated" />
            <Menu Id="27" ParentId="16" Text="Number of members of the LLC" />
            <Menu Id="28" ParentId="16" Text="Partnership Type" />
            <Menu Id="29" ParentId="16" Text="County Where Partnership Agreement Filed" />
            <Menu Id="30" ParentId="16" Text="State Where Partnership Agreement Filed" />
            <Menu Id="31" ParentId="16" Text="Is the Applicant Firm registered with NYS Division of Corporations?" />
            <Menu Id="32" ParentId="16" Text="Is the Applicant Firm currently involved in the bidding process with the SCA or other contract/purchase order negotiations with any governmental agency, department or authority?" />
            <Menu Id="33" ParentId="16" Text="Please identify agency, department, or authority." />
            <Menu Id="34" ParentId="16" Text="At present or during the past five (5) years, has the Applicant Firm changed address(es) or operated under any other name(s) or ownership type?">
                <ArrayOfMenu>
                    <Menu Id="35" ParentId="34" Text="Firm Name" />
                    <Menu Id="36" ParentId="34" Text="Ownership Type" />
                    <Menu Id="37" ParentId="34" Text="Address" />
                    <Menu Id="38" ParentId="34" Text="Type" />
                    <Menu Id="39" ParentId="34" Text="From Date" />
                    <Menu Id="40" ParentId="34" Text="To Date" />
                </ArrayOfMenu>
            </Menu>
        </ArrayOfMenu>
    </Menu>
    <Menu Id="41" ParentId="0" Text="Key People &amp; Personnel">
        <ArrayOfMenu>
            <Menu Id="42" ParentId="41" Text="In the following table, provide the requested information on all current key people as defined below, and anyone who has owned 5% or more of the Applicant Firm within the past three (3) years. Each current key person of the Applicant Firm must attach a notarized certification. Also, please attach a resume for each key person.">
                <ArrayOfMenu>
                    <Menu Id="43" ParentId="42" Text="Name" />
                    <Menu Id="44" ParentId="42" Text="Home Phone #" />
                    <Menu Id="45" ParentId="42" Text="Date of Birth" />
                    <Menu Id="46" ParentId="42" Text="Gender" />
                    <Menu Id="47" ParentId="42" Text="Ethnicity" />
                    <Menu Id="48" ParentId="42" Text="SSN" />
                    <Menu Id="49" ParentId="42" Text="Business Title" />
                    <Menu Id="50" ParentId="42" Text="US Citizen or Alien Registration Number, if not a U.S. Citizen" />
                    <Menu Id="51" ParentId="42" Text="Home Address" />
                    <Menu Id="52" ParentId="42" Text="Employment Start Date" />
                    <Menu Id="53" ParentId="42" Text="Commencement Date of Current Position" />
                    <Menu Id="54" ParentId="42" Text="Employment End Date" />
                    <Menu Id="55" ParentId="42" Text="Is this person an owner?" />
                    <Menu Id="56" ParentId="42" Text="Number of shares owned" />
                    <Menu Id="57" ParentId="42" Text="Amount paid when purchased" />
                    <Menu Id="58" ParentId="42" Text="Method of Acquisition" />
                    <Menu Id="59" ParentId="42" Text="Common or Preferred?" />
                    <Menu Id="60" ParentId="42" Text="Date shares were acquired" />
                    <Menu Id="61" ParentId="42" Text="Percentage of Ownership" />
                    <Menu Id="62" ParentId="42" Text="Total Amount/Value of Contributions" />
                    <Menu Id="63" ParentId="42" Text="Specify any name change, maiden name, or aliases" />
                    <Menu Id="64" ParentId="42" Text="Please attach a resume for each key person listed." />
                </ArrayOfMenu>
            </Menu>
            <Menu Id="65" ParentId="41" Text="Add Personnel">
                <ArrayOfMenu>
                    <Menu Id="66" ParentId="65" Text="Name" />
                    <Menu Id="67" ParentId="65" Text="Title" />
                    <Menu Id="68" ParentId="65" Text="Is this person an owner?" />
                    <Menu Id="69" ParentId="65" Text="Attach Resume" />
                </ArrayOfMenu>
            </Menu>
            <Menu Id="70" ParentId="41" Text="Please identify the cash and capital contributions including gifts, equipment, loans, and expertise to the firm by those identified in above, as well as any other individuals.">
                <ArrayOfMenu>
                    <Menu Id="71" ParentId="70" Text="Contributor/Source" />
                    <Menu Id="72" ParentId="70" Text="Amount/Value" />
                    <Menu Id="73" ParentId="70" Text="Type of Contribution" />
                    <Menu Id="74" ParentId="70" Text="Date of Contribution" />
                </ArrayOfMenu>
            </Menu>
        </ArrayOfMenu>
    </Menu>
    <Menu Id="75" ParentId="0" Text="Experience: Section 1">
        <ArrayOfMenu>
            <Menu Id="76" ParentId="75" Text="Base the following on calendar or fiscal years?" />
            <Menu Id="77" ParentId="75" Text="Last Fiscal Year End" />
            <Menu Id="78" ParentId="75" Text="State the number of projects and the total dollar amount of the Applicant Firm&rsquo;s sales/revenue for each of the past three (3) fiscal or calendar years." />
            <Menu Id="79" ParentId="75" Text="Total Number of Employees" />
            <Menu Id="80" ParentId="75" Text="Select specific trade code(s) desired." />
            <Menu Id="81" ParentId="75" Text="Describe principal products/commodities sold or services offered" />
        </ArrayOfMenu>
    </Menu>
    <Menu Id="82" ParentId="0" Text="Experience: Section 2">
        <ArrayOfMenu>
            <Menu Id="83" ParentId="82" Text="Please list below and provide copies (front and back) of all licenses, registrations, certifications, etc. necessary for work the Applicant Firm will perform.">
                <ArrayOfMenu>
                    <Menu Id="84" ParentId="83" Text="Individual Named on License/Certification" />
                    <Menu Id="85" ParentId="83" Text="Corporation Name on License" />
                    <Menu Id="86" ParentId="83" Text="Issued By" />
                    <Menu Id="87" ParentId="83" Text="License/Certification Number" />
                    <Menu Id="88" ParentId="83" Text="Expiration Date" />
                    <Menu Id="89" ParentId="83" Text="Attach License" />
                </ArrayOfMenu>
            </Menu>
        </ArrayOfMenu>
    </Menu>
    <Menu Id="90" ParentId="0" Text="Experience: Section 3">
        <ArrayOfMenu>
            <Menu Id="91" ParentId="90" Text="Identify those individuals responsible for managerial operations.">
                <ArrayOfMenu>
                    <Menu Id="92" ParentId="91" Text="Financial Decisions" />
                    <Menu Id="93" ParentId="91" Text="Estimating" />
                    <Menu Id="94" ParentId="91" Text="Preparing Bids" />
                    <Menu Id="95" ParentId="91" Text="Negotiating Bonding" />
                    <Menu Id="96" ParentId="91" Text="Negotiating Insurance" />
                    <Menu Id="97" ParentId="91" Text="Marketing &amp; Sales" />
                    <Menu Id="98" ParentId="91" Text="Hiring &amp; Firing" />
                    <Menu Id="99" ParentId="91" Text="Supervising Field Operations" />
                    <Menu Id="100" ParentId="91" Text="Purchasing Equipment/Supplies" />
                    <Menu Id="101" ParentId="91" Text="Managing &amp; Signing Payroll" />
                    <Menu Id="102" ParentId="91" Text="Negotiating Contracts" />
                </ArrayOfMenu>
            </Menu>
            <Menu Id="103" ParentId="90" Text="Do any office staff, field/supervisory staff, estimators, controllers, or consultants also work for another firm?">
                <ArrayOfMenu>
                    <Menu Id="104" ParentId="103" Text="Type of Personnel" />
                    <Menu Id="105" ParentId="103" Text="Name" />
                    <Menu Id="106" ParentId="103" Text="Other Firm Name" />
                    <Menu Id="107" ParentId="103" Text="Other Firm Address" />
                    <Menu Id="108" ParentId="103" Text="Other Firm Phone #" />
                </ArrayOfMenu>
            </Menu>
            <Menu Id="109" ParentId="90" Text="Identify all locations used by the firm including its office, plant, warehouse, and any other commercial facility. Also list heavy equipment and machinery.">
                <ArrayOfMenu>
                    <Menu Id="110" ParentId="109" Text="Type" />
                    <Menu Id="111" ParentId="109" Text="Address" />
                    <Menu Id="112" ParentId="109" Text="Own/Lease/Rent?" />
                    <Menu Id="113" ParentId="109" Text="From Whom?" />
                    <Menu Id="114" ParentId="109" Text="Payment Terms" />
                    <Menu Id="115" ParentId="109" Text="Name of Landlord or Mortgage Holder" />
                    <Menu Id="116" ParentId="109" Text="Affiliation, if any, with Applicant Firm or Key Person" />
                </ArrayOfMenu>
            </Menu>
            <Menu Id="117" ParentId="90" Text="At present or during the past five (5) years has the Applicant Firm shared office space, plants, warehouses, staff, equipment, telephone or fax exchanges, etc. with any other business or organization?">
                <ArrayOfMenu>
                    <Menu Id="118" ParentId="117" Text="Firm Name" />
                    <Menu Id="119" ParentId="117" Text="EIN" />
                    <Menu Id="120" ParentId="117" Text="Nature of Shared Facility or Staff" />
                    <Menu Id="121" ParentId="117" Text="Address" />
                    <Menu Id="122" ParentId="117" Text="From Date" />
                    <Menu Id="123" ParentId="117" Text="To Date" />
                </ArrayOfMenu>
            </Menu>
        </ArrayOfMenu>
    </Menu>
    <Menu Id="124" ParentId="0" Text="CPA/Accountant">
        <ArrayOfMenu>
            <Menu Id="125" ParentId="124" Text="Does firm have a CPA/Account?" />
            <Menu Id="126" ParentId="124" Text="CPA/Accountant for Firm" />
        </ArrayOfMenu>
    </Menu>
    <Menu Id="127" ParentId="0" Text="Local Business Enterprise">
        <ArrayOfMenu>
            <Menu Id="128" ParentId="127" Text="How many workers do you currently employ?" />
            <Menu Id="129" ParentId="127" Text="# African American Employees" />
            <Menu Id="130" ParentId="127" Text="# Hispanic Employees" />
            <Menu Id="131" ParentId="127" Text="# Asian Employees" />
            <Menu Id="132" ParentId="127" Text="# White Employees" />
            <Menu Id="133" ParentId="127" Text="# Other Ethnicity Employees" />
            <Menu Id="134" ParentId="127" Text="Total number of employees considered economically disadvantaged?" />
            <Menu Id="135" ParentId="127" Text="Are any of your employees &quot;economically disadvantaged&quot;?">
                <ArrayOfMenu>
                    <Menu Id="136" ParentId="135" Text="Attach Attachment A" />
                    <Menu Id="137" ParentId="135" Text="Employee Name" />
                    <Menu Id="138" ParentId="135" Text="Trade/Job Title" />
                    <Menu Id="139" ParentId="135" Text="Date Hired" />
                </ArrayOfMenu>
            </Menu>
        </ArrayOfMenu>
    </Menu>
    <Menu Id="140" ParentId="0" Text="MWLBE Programs">
        <ArrayOfMenu>
            <Menu Id="141" ParentId="140" Text="Do you want to be certified by the SCA?" />
            <Menu Id="142" ParentId="140" Text="Which certification(s) would you like to request?" />
            <Menu Id="143" ParentId="140" Text="Is the Applicant Firm interested in applying to the SCA&rsquo;s Mentor Program?" />
            <Menu Id="144" ParentId="140" Text="Has the firm applied for or received a determination for certification as an M/WBE with another government agency, department or authority?">
                <ArrayOfMenu>
                    <Menu Id="145" ParentId="144" Text="Agency" />
                    <Menu Id="146" ParentId="144" Text="Date" />
                    <Menu Id="147" ParentId="144" Text="Contact Person" />
                    <Menu Id="148" ParentId="144" Text="Phone #" />
                    <Menu Id="149" ParentId="144" Text="MWLBE Status" />
                    <Menu Id="150" ParentId="144" Text="Attach Certification" />
                </ArrayOfMenu>
            </Menu>
            <Menu Id="151" ParentId="140" Text="Are there appeals pending on any of the above applications or certifications?">
                <ArrayOfMenu>
                    <Menu Id="152" ParentId="151" Text="Agency" />
                    <Menu Id="153" ParentId="151" Text="Date of Appeal" />
                    <Menu Id="154" ParentId="151" Text="Contact Person" />
                    <Menu Id="155" ParentId="151" Text="Phone #" />
                </ArrayOfMenu>
            </Menu>
            <Menu Id="156" ParentId="140" Text="Has the Applicant Firm ever been denied or rejected certification for any of the preceding designations? or had its certification revoked?" />
            <Menu Id="157" ParentId="140" Text="Has the Applicant Firm ever had its certification rescinded?" />
            <Menu Id="158" ParentId="140" Text="How did you hear about the SCA MWLBE certification program?" />
            <Menu Id="159" ParentId="140" Text="Do you want to generate a copy of your completed uniform certification application to send to other certifying agencies, under an agreed MOU?" />
        </ArrayOfMenu>
    </Menu>
    <Menu Id="160" ParentId="0" Text="Work History">
        <ArrayOfMenu>
            <Menu Id="161" ParentId="160" Text="Average of Commercial References" />
            <Menu Id="162" ParentId="160" Text="List ALL of the Applicant Firm&rsquo;s commercial prime contracts or commercial subcontracts completed within the last 3 years.">
                <ArrayOfMenu>
                    <Menu Id="163" ParentId="162" Text="Agency/Owner/Developer" />
                    <Menu Id="164" ParentId="162" Text="General Contractor on Project" />
                    <Menu Id="165" ParentId="162" Text="Project Name" />
                    <Menu Id="166" ParentId="162" Text="Project Contract #" />
                    <Menu Id="167" ParentId="162" Text="Were you a prime or a sub?" />
                    <Menu Id="168" ParentId="162" Text="Applicant Firm&rsquo;s Contract $ Amount" />
                    <Menu Id="169" ParentId="162" Text="Project Address" />
                    <Menu Id="170" ParentId="162" Text="Start Date of Applicant Firm&rsquo;s Contract" />
                    <Menu Id="171" ParentId="162" Text="Completion Date of Applicant Firm&rsquo;s Contract" />
                    <Menu Id="172" ParentId="162" Text="This project was completed in a disadvantaged area" />
                    <Menu Id="173" ParentId="162" Text="Ongoing" />
                    <Menu Id="174" ParentId="162" Text="Borough" />
                    <Menu Id="175" ParentId="162" Text="Describe Work Performed on Project" />
                    <Menu Id="176" ParentId="162" Text="Please select specific trade code(s)" />
                    <Menu Id="177" ParentId="162" Text="Representative from Agency/Owner/Developer Familiar with Performance" />
                </ArrayOfMenu>
            </Menu>
        </ArrayOfMenu>
    </Menu>
    <Menu Id="178" ParentId="0" Text="Financial Information">
        <ArrayOfMenu>
            <Menu Id="179" ParentId="178" Text="Please provide information for each business bank account, whether domestic/foreign/offshore, held by the Applicant Firm.">
                <ArrayOfMenu>
                    <Menu Id="180" ParentId="179" Text="Name onAccount" />
                    <Menu Id="181" ParentId="179" Text="Type of Account" />
                    <Menu Id="182" ParentId="179" Text="Bank Name" />
                    <Menu Id="183" ParentId="179" Text="Bank Address" />
                    <Menu Id="184" ParentId="179" Text="Select ALL signatories for this account." />
                </ArrayOfMenu>
            </Menu>
            <Menu Id="185" ParentId="178" Text="Does the applicant firm have a line of credit and/or an unsecured or secured loan provided by a lending institution?">
                <ArrayOfMenu>
                    <Menu Id="186" ParentId="185" Text="Amount of Credit" />
                    <Menu Id="187" ParentId="185" Text="Amount Owed" />
                    <Menu Id="188" ParentId="185" Text="Revolving Line of Credit" />
                    <Menu Id="189" ParentId="185" Text="Termination Date" />
                    <Menu Id="190" ParentId="185" Text="Name of Lending Institution" />
                    <Menu Id="191" ParentId="185" Text="Name of Loan Officer" />
                    <Menu Id="192" ParentId="185" Text="Phone # of Loan Officer" />
                </ArrayOfMenu>
            </Menu>
            <Menu Id="193" ParentId="178" Text="At present or during the past five (5) years, have any of the Key People of the Applicant Firm served as a Key Person or owned 5% or more of any other firm (including firms that are inactive, have been dissolved or are non-construction related)?">
                <ArrayOfMenu>
                    <Menu Id="194" ParentId="193" Text="Key Person" />
                    <Menu Id="195" ParentId="193" Text="Other Firm Name" />
                    <Menu Id="196" ParentId="193" Text="Other Firm EIN" />
                    <Menu Id="197" ParentId="193" Text="Nature of Business" />
                    <Menu Id="198" ParentId="193" Text="Other Firm Address" />
                    <Menu Id="199" ParentId="193" Text="Position Held" />
                    <Menu Id="200" ParentId="193" Text="Is this person an owner?" />
                    <Menu Id="201" ParentId="193" Text="% Owned by Key Person" />
                    <Menu Id="202" ParentId="193" Text="Remainder Owned By" />
                    <Menu Id="203" ParentId="193" Text="Owned From" />
                    <Menu Id="204" ParentId="193" Text="Owned To" />
                    <Menu Id="205" ParentId="193" Text="Served From Date" />
                    <Menu Id="206" ParentId="193" Text="Served To Date" />
                </ArrayOfMenu>
            </Menu>
            <Menu Id="207" ParentId="178" Text="Does the Applicant Firm have a bonding capacity?">
                <ArrayOfMenu>
                    <Menu Id="208" ParentId="207" Text="Surety Name" />
                    <Menu Id="209" ParentId="207" Text="Address" />
                    <Menu Id="210" ParentId="207" Text="Agent/Broker" />
                    <Menu Id="211" ParentId="207" Text="Phone #" />
                    <Menu Id="212" ParentId="207" Text="Bonding Letter" />
                    <Menu Id="213" ParentId="207" Text="In writing bonds for the Applicant Firm, does the surety company rely on the indemnity of any other firm(s) or individual(s)?" />
                    <Menu Id="214" ParentId="207" Text="Supply names &amp; addresses of others" />
                    <Menu Id="215" ParentId="207" Text="Single Job Bonding Capacity" />
                    <Menu Id="216" ParentId="207" Text="Aggregate Bonding Capacity" />
                </ArrayOfMenu>
            </Menu>
            <Menu Id="217" ParentId="178" Text="Does the Applicant Firm carry errors and omissions insurance?" />
            <Menu Id="218" ParentId="178" Text="Errors &amp; Omissions" />
            <Menu Id="219" ParentId="178" Text="Does the Applicant Firm carry professional liability insurance?" />
            <Menu Id="220" ParentId="178" Text="Professional Liability" />
            <Menu Id="221" ParentId="178" Text="At present or during the past five (5) years have there been any errors or omissions or professional liability claims against the Applicant Firm?">
                <ArrayOfMenu>
                    <Menu Id="222" ParentId="221" Text="Insurance Type" />
                    <Menu Id="223" ParentId="221" Text="Date Claim Filed" />
                    <Menu Id="224" ParentId="221" Text="Claimant" />
                    <Menu Id="225" ParentId="221" Text="Claim Amount" />
                    <Menu Id="226" ParentId="221" Text="Insurer" />
                    <Menu Id="227" ParentId="221" Text="Disposition" />
                    <Menu Id="228" ParentId="221" Text="Summary/Details" />
                </ArrayOfMenu>
            </Menu>
        </ArrayOfMenu>
    </Menu>
    <Menu Id="229" ParentId="0" Text="Additional Documents">
        <ArrayOfMenu>
            <Menu Id="230" ParentId="229" Text="Supporting Documents" />
            <Menu Id="231" ParentId="229" Text="Financial Statements" />
        </ArrayOfMenu>
    </Menu>
    <Menu Id="232" ParentId="0" Text="Submit Form">
        <ArrayOfMenu>
            <Menu Id="233" ParentId="232" Text="Name" />
            <Menu Id="234" ParentId="232" Text="Title" />
            <Menu Id="235" ParentId="232" Text="Phone #" />
            <Menu Id="236" ParentId="232" Text="Email Address" />
        </ArrayOfMenu>
    </Menu>
</ArrayOfMenu>