<?xml version="1.0" encoding="utf-8" ?>
<ArrayOfMenu>
    <Menu Id="1" ParentId="0" Text="General Information" ImgLeft="~/Images/icon-incomplete.gif">
        <ArrayOfMenu>
            <Menu Id="2" ParentId="1" Text="Section 1" Url="~/supplier/controls/GeneralInformation.ascx" ImgLeft="~/Images/icon-incomplete.gif"/>
            <Menu Id="3" ParentId="1" Text="Section 2" Url="~/supplier/controls/GeneralInformation4.ascx" ImgLeft="~/Images/icon-incomplete.gif" />
        </ArrayOfMenu>
    </Menu>
    <Menu Id="4" ParentId="0" Text="Key People &amp; Personnel" Url="~/supplier/controls/KeyPeople4.ascx" ImgLeft="~/Images/icon-incomplete.gif" />
    <Menu Id="5" ParentId="0" Text="Experience" ImgLeft="~/Images/icon-incomplete.gif" >
        <ArrayOfMenu>
            <Menu Id="6" ParentId="5" Text="Section 1" Url="~/supplier/controls/Experience4.ascx" ImgLeft="~/Images/icon-incomplete.gif" />
            <Menu Id="7" ParentId="5" Text="Section 2" Url="~/supplier/controls/WorkHistory2.ascx" ImgLeft="~/Images/icon-incomplete.gif" />
            <Menu Id="8" ParentId="5" Text="Section 3" Url="~/supplier/controls/Experience5.ascx" ImgLeft="~/Images/icon-incomplete.gif" />
        </ArrayOfMenu>
    </Menu>
    <Menu Id="9" ParentId="0" Text="CPA/Accountant" Url="~/supplier/controls/FinancialInformation6.ascx" ImgLeft="~/Images/icon-incomplete.gif" />
    <Menu Id="10" ParentId="0" Text="Local Business Enterprise" Url="~/supplier/controls/DisadvantagedEmployees.ascx" ImgLeft="~/Images/icon-incomplete.gif" />
    <Menu Id="11" ParentId="0" Text="MWLBE Programs" Url="~/supplier/controls/CertificationPrograms.ascx" ImgLeft="~/Images/icon-incomplete.gif" />
    <Menu Id="12" ParentId="0" Text="Work History" Url="~/supplier/controls/WorkHistory7.ascx" ImgLeft="~/Images/icon-incomplete.gif" />
    <Menu Id="13" ParentId="0" Text="Financial Information" Url="~/supplier/controls/FinancialInformation7.ascx" ImgLeft="~/Images/icon-incomplete.gif" />
    <Menu Id="14" ParentId="0" Text="Additional Documents" Url="~/supplier/controls/Documents.ascx" ImgLeft="~/Images/icon-incomplete.gif" />
    <Menu Id="15" ParentId="0" Text="Submit Form" Url="~/supplier/controls/Submit2.ascx" ImgLeft="~/Images/icon-incomplete.gif" />
</ArrayOfMenu>