<?xml version="1.0" encoding="utf-8" ?>
<ArrayOfMenu>
    <Menu Id="1" ParentId="0" Text="Subcontractor Information">
        <ArrayOfMenu>
            <Menu Id="2" ParentId="1" Text="Federal Tax I.D. No" />
            <Menu Id="3" ParentId="1" Text="Name" />
            <Menu Id="4" ParentId="1" Text="Address" />
            <Menu Id="5" ParentId="1" Text="Est. Value of Subcontract Work of Firm" />
            <Menu Id="6" ParentId="1" Text="Description of Work to be Done with Workforce of Firm Only" />
            <Menu Id="7" ParentId="1" Text="Work Start Date" />
            <Menu Id="8" ParentId="1" Text="Finish Date" />
            <Menu Id="9" ParentId="1" Text="Is Firm an MBE?" />
            <Menu Id="10" ParentId="1" Text="Is Firm an WBE?" />
            <Menu Id="11" ParentId="1" Text="Is Firm an LBE?" />
            <Menu Id="12" ParentId="1" Text="Identify the Subcontractor Apprenticeship Program(s) that your Firm Participates in that Support the Description of Work Being Done on this Job by your Firm" />
        </ArrayOfMenu>
    </Menu>
</ArrayOfMenu>