<?xml version="1.0" encoding="utf-8" ?>
<ArrayOfMenu>
    <Menu Id="1" ParentId="0" Text="Plan Information">
        <ArrayOfMenu>
            <Menu Id="2" ParentId="1" Text="Federal Tax I.D. No" />
          <Menu Id="3" ParentId="1" Text="Name" />
          <Menu Id="4" ParentId="1" Text="What is the percentage of waiver you are asking for?" />
          <Menu Id="5" ParentId="1" Text="Trade code(s) desired:" />
          <Menu Id="6" ParentId="1" Text="Trade code(s) entered in proposed plan:" />
          <Menu Id="7" ParentId="1" Text="What is the basis for your request?" />
          <Menu Id="8" ParentId="1" Text="Have you solicited bids from SCA certified MWLBE firms for any of the trades listed above?" />
          <Menu Id="9" ParentId="1" Text="Has your firm made good faith efforts to identify portions of contract that you intent to subcontract including consideration of adjustments to your subcontracting strategy and requirements in order to identify portions of the work for which available MWLBE might successfully compete?" />
          <Menu Id="10" ParentId="1" Text="Have you advertised the project in any general circulation, trade association, MWLBE Trade Association and MWLBE –oriented publications in order to attract the participation of MWLBE firms?" />
          <Menu Id="11" ParentId="1" Text="Provide 3 most recent government projects and 3 most recent commercial projects that you completed in past 3 years:" />
        </ArrayOfMenu>
    </Menu>
</ArrayOfMenu>