<?xml version="1.0" encoding="utf-8" ?>
<ArrayOfSetting>
  <Setting Name="Specification Section 1010" Value="S01010" />
  <Setting Name="Specification Section 1500" Value="S01500" />
  <Setting Name="Specification Section 1900" Value="S01900" />
  <Setting Name="A&amp;E Estimate" Value="EstIncluded" />
  <Setting Name="Principal Letter" Value="Principal" />
  <Setting Name="Below Estimate" Value="BelowEstimate" />
  <!--<Setting Name="Funding Memo" Value="FundingMemo" />
  <Setting Name="P &amp; P Bonds Approval" Value="PPBondsApproval" />
  <Setting Name="Signed PLA Affidavit (if required)" Value="SignedPLA" />
  <Setting Name="Subcontractor PLA Affidavit" Value="SubcontractorPLA" />-->
</ArrayOfSetting>