<?xml version="1.0" encoding="utf-8" ?>
<ArrayOfMenu>
  <!--<Menu Id="0" ParentId="0" Text="Application Type" Url="~/supplier/controls/ApplicationType.ascx" ImgLeft="~/Images/icon-incomplete.gif" />-->
  <Menu Id="1" ParentId="0" Text="General Information" Url="~/supplier/controls/GeneralInformation.ascx" ImgLeft="~/Images/icon-incomplete.gif" />
  <Menu Id="2" ParentId="0" Text="Business Organization &amp; History" ImgLeft="~/Images/icon-incomplete.gif" >
    <ArrayOfMenu>
      <Menu Id="3" ParentId="2" Text="Section 1" Url="~/supplier/controls/BusinessOrganization1.ascx" ImgLeft="~/Images/icon-incomplete.gif"/>
    </ArrayOfMenu>
  </Menu>
  <!--<Menu Id="33" ParentId="0" Text="Submit Form" Url="~/supplier/controls/Submit.ascx" ImgLeft="~/Images/icon-incomplete.gif" />-->
</ArrayOfMenu>