<?xml version="1.0" encoding="utf-8" ?>
<ArrayOfMenu>
  <Menu Id="0" ParentId="0" Text="Application Type" Url="~/supplier/controls/ApplicationType.ascx" ImgLeft="~/Images/icon-incomplete.gif" />
  <Menu Id="1" ParentId="0" Text="General Information" Url="~/supplier/controls/GeneralInformation.ascx" ImgLeft="~/Images/icon-incomplete.gif" />
  <Menu Id="2" ParentId="0" Text="Business Organization &amp; History" ImgLeft="~/Images/icon-incomplete.gif" >
    <ArrayOfMenu>
      <Menu Id="3" ParentId="2" Text="Section 1" Url="~/supplier/controls/BusinessOrganization1.ascx" ImgLeft="~/Images/icon-incomplete.gif"/>
      <Menu Id="4" ParentId="2" Text="Section 2" Url="~/supplier/controls/BusinessOrganization2.ascx" ImgLeft="~/Images/icon-incomplete.gif" />
    </ArrayOfMenu>
  </Menu>
  <Menu Id="5" ParentId="0" Text="Key People &amp; Personnel" ImgLeft="~/Images/icon-incomplete.gif" >
    <ArrayOfMenu>
      <Menu Id="6" ParentId="5" Text="Section 1" Url="~/supplier/controls/KeyPeople1.ascx" ImgLeft="~/Images/icon-incomplete.gif" />
      <Menu Id="7" ParentId="5" Text="Section 2" Url="~/supplier/controls/KeyPeople2.ascx" ImgLeft="~/Images/icon-incomplete.gif" />
    </ArrayOfMenu>
  </Menu>
  <Menu Id="8" ParentId="0" Text="Work History &amp; References" ImgLeft="~/Images/icon-incomplete.gif" >
    <ArrayOfMenu>
        <!--<Menu Id="9" ParentId="8" Text="Section 1" Url="~/supplier/controls/WorkHistory1.ascx" ImgLeft="~/Images/icon-incomplete.gif" />-->
        <Menu Id="10" ParentId="8" Text="Section 1" Url="~/supplier/controls/WorkHistory2.ascx" ImgLeft="~/Images/icon-incomplete.gif" />
        <Menu Id="11" ParentId="8" Text="Section 2" Url="~/supplier/controls/WorkHistory3.ascx" ImgLeft="~/Images/icon-incomplete.gif" />
    </ArrayOfMenu>
  </Menu>
  <Menu Id="12" ParentId="0" Text="Asbestos Abatement Qualification Statement" Url="~/supplier/controls/WorkHistory4.ascx" ImgLeft="~/Images/icon-incomplete.gif" />
  <Menu Id="13" ParentId="0" Text="Asbestos Consultant Qualification Statement" Url="~/supplier/controls/WorkHistory5.ascx" ImgLeft="~/Images/icon-incomplete.gif" />
  <Menu Id="14" ParentId="0" Text="Lab Testing Qualification Statement" Url="~/supplier/controls/WorkHistory6.ascx" ImgLeft="~/Images/icon-incomplete.gif" />
  <Menu Id="15" ParentId="0" Text="Financial Information" ImgLeft="~/Images/icon-incomplete.gif">
    <ArrayOfMenu>
      <Menu Id="16" ParentId="15" Text="Section 1" Url="~/supplier/controls/FinancialInformation1.ascx" ImgLeft="~/Images/icon-incomplete.gif" />
      <Menu Id="17" ParentId="15" Text="Section 2" Url="~/supplier/controls/FinancialInformation2.ascx" ImgLeft="~/Images/icon-incomplete.gif" />
      <Menu Id="18" ParentId="15" Text="Section 3" Url="~/supplier/controls/FinancialInformation3.ascx" ImgLeft="~/Images/icon-incomplete.gif" />
    </ArrayOfMenu>
  </Menu>
  <Menu Id="28" ParentId="0" Text="Local Business Enterprise" Url="~/supplier/controls/DisadvantagedEmployees.ascx" ImgLeft="~/Images/icon-incomplete.gif" />
  <Menu Id="29" ParentId="0" Text="MWLBE Programs" Url="~/supplier/controls/CertificationPrograms.ascx" ImgLeft="~/Images/icon-incomplete.gif" />
  <Menu Id="30" ParentId="0" Text="Additional Documents" Url="~/supplier/controls/Documents.ascx" ImgLeft="~/Images/icon-incomplete.gif" />
  <Menu Id="31" ParentId="0" Text="Marketing Material" Url="~/supplier/controls/MarketingMaterial.ascx" ImgLeft="~/Images/icon-incomplete.gif" />
  <!--<Menu Id="32" ParentId="0" Text="Appendix A" Url="~/supplier/controls/AppendixA.ascx" ImgLeft="~/Images/icon-incomplete.gif" />-->
  <Menu Id="33" ParentId="0" Text="Submit Form" Url="~/supplier/controls/Submit.ascx" ImgLeft="~/Images/icon-incomplete.gif" />
</ArrayOfMenu>