<?xml version="1.0" encoding="utf-8" ?>
<ArrayOfSetting>
  <Setting Id="1" Name="Wicks Subcontractor not pre-qualified" Value="A" />
  <Setting Id="2" Name="Didn't propose Wicks subs and/or estimate" Value="B" />
  <Setting Id="3" Name="Didn't acknowledge critical addenda" Value="C" />
  <Setting Id="4" Name="Didn't acknowledge Appren. questionnaire" Value="D" />
  <Setting Id="5" Name="EEO rejection" Value="E" />
  <Setting Id="6" Name="IG rejection" Value="F" />
  <Setting Id="7" Name="SCA_approved bid withdrawal" Value="G" />
  <Setting Id="8" Name="Unable to furnish specified bonds" Value="H" />
  <Setting Id="9" Name="Unable to furnish specified insurance" Value="I" />
  <Setting Id="10" Name="Not tech. qualified to perform work" Value="J" />
  <Setting Id="11" Name="No Architect or Eng.-of-Record proposed" Value="K" />
  <Setting Id="12" Name="Unsatisfactory evals. on previous jobs" Value="L" />
  <Setting Id="13" Name="Qualified bid" Value="M" />
  <Setting Id="14" Name="No/defective Bid Bond" Value="N" />
  <Setting Id="15" Name="Bidder not prequalified" Value="O" />
  <Setting Id="16" Name="Incomplete bid form" Value="P" />
  <Setting Id="17" Name="Not eligible for multiple awards" Value="Q" />
  <Setting Id="18" Name="Expiration of bid" Value="R" />
  <Setting Id="19" Name="Bid cancelled" Value="S" />
  <Setting Id="20" Name="Other" Value="T" />
  <Setting Id="21" Name="Bid exceeds vendor ceiling" Value="U" />
  <Setting Id="22" Name="Wicks Sub not apprenticeship-approved" Value="V" />
</ArrayOfSetting>