<?xml version="1.0" encoding="utf-8" ?>
<ArrayOfSetting>
  <Setting Name="Form of Bid Bond (B-1 to B-5)" Value="Bidder_SolicitBidBond" />
  <Setting Name="Form of Performance Bond (B-6 to B-11)" Value="Bidder_SolicitPerformanceBond" />
  <Setting Name="Form of Labor and Material Payment Bond (B-12 to B-17)" Value="Bidder_SolicitLaborPaymentBond" />
  <Setting Name="Bidder's Line of Credit/Construction Backlog Summary (LCCB-1)" Value="Bidder_SolicitBidderBacklog" />
  <Setting Name="Amendment 'A' (Apprenticeship Questionnaire: AA-1 to AA-4)" Value="Bidder_SolicitAmmendmentA" />
  <Setting Name="Bidder's Request for Subcontractor Approval Form (RS-1)" Value="Bidder_SolicitSAFRequest" />
  <Setting Name="Appendix 'A' to IFB (EEO Provisions: EO-1 to EO-22)" Value="Bidder_SolicitAppendixA" />
  <Setting Name="Request for Contractor Insurance Information (RI-1 to RI-8)" Value="Bidder_SolicitInsuranceRequest" />
  <Setting Name="P &amp; P Bonds Approval" Value="Bidder_SolicitPPBondsApproval" />
  <Setting Name="Signed PLA Affidavit (if required)" Value="Bidder_SolicitSignedPLA" />
  <Setting Name="Subcontractor PLA Affidavit" Value="Bidder_SolicitSubcontractorPLA" />
</ArrayOfSetting>