<?xml version="1.0" encoding="utf-8" ?>
<ArrayOfMenu>
    <Menu Id="1" ParentId="0" Text="Company Information">
        <ArrayOfMenu>
            <Menu Id="2" ParentId="1" Text="Federal Tax I.D. No" />
            <Menu Id="3" ParentId="1" Text="Name" />
            <Menu Id="4" ParentId="1" Text="Address" />
            <Menu Id="5" ParentId="1" Text="Est. Value of Subcontract Work of Firm" />
            <Menu Id="6" ParentId="1" Text="Description of Work to be Done with Workforce of Firm Only" />
            <Menu Id="7" ParentId="1" Text="Work Start Date" />
            <Menu Id="8" ParentId="1" Text="Finish Date" />
            <Menu Id="9" ParentId="1" Text="Is Firm an MBE?" />
            <Menu Id="10" ParentId="1" Text="Is Firm an WBE?" />
            <Menu Id="11" ParentId="1" Text="Is Firm an LBE?" />
            <Menu Id="12" ParentId="1" Text="Identify the Subcontractor Apprenticeship Program(s) that your Firm Participates in that Support the Description of Work Being Done on this Job by your Firm" />
        </ArrayOfMenu>
    </Menu>
    <Menu Id="67" ParentId="0" Text="Apprenticeship Information">
        <ArrayOfMenu>
            <Menu Id="68" ParentId="67" Text="Labor Union or NYS-DOL Approved Apprenticeship Program" />
            <Menu Id="69" ParentId="67" Text="Local Number" />
            <Menu Id="70" ParentId="67" Text="Number of Years Affiliated" />
            <Menu Id="71" ParentId="67" Text="Affiliated From" />
            <Menu Id="72" ParentId="67" Text="Affiliated To" />
            <Menu Id="73" ParentId="67" Text="Apprenticeship Program" />
        </ArrayOfMenu>
    </Menu>
    <Menu Id="13" ParentId="0" Text="License Information">
        <ArrayOfMenu>
            <Menu Id="14" ParentId="13" Text="License Type" />
            <Menu Id="15" ParentId="13" Text="License No." />
            <Menu Id="16" ParentId="13" Text="Expiration Date" />
        </ArrayOfMenu>
    </Menu>
    <Menu Id="17" ParentId="0" Text="Insurance Information">
        <ArrayOfMenu>
            <Menu Id="18" ParentId="17" Text="Project Representative">
                <ArrayOfMenu>
                    <Menu Id="19" ParentId="18" Text="Name" />
                    <Menu Id="20" ParentId="18" Text="Address" />
                    <Menu Id="21" ParentId="18" Text="Telephone No." />
                </ArrayOfMenu>
            </Menu>
            <Menu Id="22" ParentId="17" Text="Insurance Risk Manager">
                <ArrayOfMenu>
                    <Menu Id="23" ParentId="22" Text="Name" />
                    <Menu Id="24" ParentId="22" Text="Address" />
                    <Menu Id="25" ParentId="22" Text="Telephone No." />
                </ArrayOfMenu>
            </Menu>
            <Menu Id="26" ParentId="17" Text="Workers Compensation Data Line 1">
                <ArrayOfMenu>
                    <Menu Id="27" ParentId="26" Text="Classification" />
                    <Menu Id="28" ParentId="26" Text="Code" />
                    <Menu Id="29" ParentId="26" Text="Payroll" />
                </ArrayOfMenu>
            </Menu>
            <Menu Id="30" ParentId="17" Text="Workers Compensation Data Line 2">
                <ArrayOfMenu>
                    <Menu Id="31" ParentId="30" Text="Classification" />
                    <Menu Id="32" ParentId="30" Text="Code" />
                    <Menu Id="33" ParentId="30" Text="Payroll" />
                </ArrayOfMenu>
            </Menu>
            <Menu Id="34" ParentId="17" Text="Workers Compensation Data Line 3">
                <ArrayOfMenu>
                    <Menu Id="35" ParentId="34" Text="Classification" />
                    <Menu Id="36" ParentId="34" Text="Code" />
                    <Menu Id="37" ParentId="34" Text="Payroll" />
                </ArrayOfMenu>
            </Menu>
            <Menu Id="38" ParentId="17" Text="Workers Compensation Data Line 4">
                <ArrayOfMenu>
                    <Menu Id="39" ParentId="38" Text="Classification" />
                    <Menu Id="40" ParentId="38" Text="Code" />
                    <Menu Id="41" ParentId="38" Text="Payroll" />
                </ArrayOfMenu>
            </Menu>
            <Menu Id="42" ParentId="17" Text="Workers Compensation Data Line 5">
                <ArrayOfMenu>
                    <Menu Id="43" ParentId="42" Text="Classification" />
                    <Menu Id="44" ParentId="42" Text="Code" />
                    <Menu Id="45" ParentId="42" Text="Payroll" />
                </ArrayOfMenu>
            </Menu>
            <Menu Id="46" ParentId="17" Text="W.C. Exp. Mod." />
            <Menu Id="47" ParentId="17" Text="Rating Date" />
            <Menu Id="48" ParentId="17" Text="Workers Compensation Bureau Risk No." />
            <Menu Id="49" ParentId="17" Text="Location of Payroll Records" />
            <Menu Id="50" ParentId="17" Text="Contact" />
            <Menu Id="51" ParentId="17" Text="Workers Compensation">
                <ArrayOfMenu>
                    <Menu Id="52" ParentId="51" Text="Insurer" />
                    <Menu Id="53" ParentId="51" Text="Policy No" />
                    <Menu Id="54" ParentId="51" Text="Effective Date" />
                    <Menu Id="55" ParentId="51" Text="Agent/Broker" />
                    <Menu Id="56" ParentId="51" Text="Address" />
                    <Menu Id="57" ParentId="51" Text="Account Exec." />
                    <Menu Id="58" ParentId="51" Text="Telephone No." />
                </ArrayOfMenu>
            </Menu>
            <Menu Id="59" ParentId="17" Text="General Liability">
                <ArrayOfMenu>
                    <Menu Id="60" ParentId="59" Text="Insurer" />
                    <Menu Id="61" ParentId="59" Text="Policy No" />
                    <Menu Id="62" ParentId="59" Text="Effective Date" />
                    <Menu Id="63" ParentId="59" Text="Agent/Broker" />
                    <Menu Id="64" ParentId="59" Text="Address" />
                    <Menu Id="65" ParentId="59" Text="Account Exec." />
                    <Menu Id="66" ParentId="59" Text="Telephone No." />
                </ArrayOfMenu>
            </Menu>
        </ArrayOfMenu>
    </Menu>
</ArrayOfMenu>