<?xml version="1.0" encoding="utf-8" ?>
<ArrayOfSetting>
  <Setting Name="Capacity" Value="Capacity" />
  <Setting Name="CIP" Value="CIP" />
  <Setting Name="Mentor A" Value="Mentor A" />
  <Setting Name="Mentor B" Value="Mentor B" />
  <Setting Name="CCFU" Value="CCFU" />
  <Setting Name="HazMat" Value="HazMat" />
  <Setting Name="Non-HazMat" Value="Non-HazMat" />
  <Setting Name="HazMat Contract" Value="HazMat Contract" />
  <Setting Name="Non-HazMat Contract" Value="Non-HazMat Contract" />
</ArrayOfSetting>