<?xml version="1.0" encoding="utf-8" ?>
<ArrayOfSetting>
  <Setting Id="0" Value="TPC_OSHA" Name="OSHA" Description="http://osha.gov/pls/imis/establishment.html" TotalRecordNumber="1" />
  <Setting Id="1" Value="TPC_DB" Name="D&amp;B" Description="https://www.dnb.com/scripts/ProductRetriever.asp" TotalRecordNumber="0" />
  <Setting Id="2" Value="TPC_Lexis" Name="Lexis/Nexis" Description="http://www.lexisadvance.com" TotalRecordNumber="1"/>
  <Setting Id="3" Value="TPC_Bldgs" Name="NYC Dept. of Bldgs - Property" Description="http://a810-bisweb.nyc.gov/bisweb/bispi00.jsp" TotalRecordNumber="1"/>
  <Setting Id="8" Value="TPC_BldgsLic" Name="NYC Dept. of Bldgs - Licensing" Description="http://a810-bisweb.nyc.gov/bisweb/LicenseTypeServlet?vlfirst=Y" TotalRecordNumber="1"/>
  <Setting Id="4" Value="TPC_Licensing" Name="NYS Div of Licensing" Description="http://appext20.dos.ny.gov/lcns_public/chk_load"  TotalRecordNumber="1"/>
  <Setting Id="5" Value="TPC_Corporations" Name="NYS Division of Corporations" Description="http://appext20.dos.ny.gov/corp_public/corpsearch.entity_search_entry" TotalRecordNumber="1"/>
  <Setting Id="6" Value="TPC_Education" Name="NYS Dept of Education" Description="http://www.op.nysed.gov/opsearches.htm" TotalRecordNumber="1"/>
  <Setting Id="7" Value="TPC_EPA" Name="US Environmental Protection Agency (EPA)" Description="http://cfpub.epa.gov/flpp/search.cfm?Applicant_Type=firm" TotalRecordNumber="1"/>
  <Setting Id="9" Value="TPC_Labor" Name="NYS Dept of Labor" Description="https://dbr.labor.state.ny.us/EDList/searchPage.do#" TotalRecordNumber="1"/>
</ArrayOfSetting>