<?xml version="1.0" encoding="utf-8" ?>
<ArrayOfSetting>
    <Setting Id="0" Name="Architect" Value="ARC" />
    <Setting Id="1" Name="Associate" Value="ASO" />
    <Setting Id="2" Name="Chief Administrative Officer" Value="CAO" />
    <Setting Id="3" Name="Chief Executive Officer" Value="CEO" />
    <Setting Id="4" Name="Chief Financial Officer" Value="CFO" />
    <Setting Id="5" Name="Chairperson" Value="CHA" />
    <Setting Id="7" Name="Chief Operating Officer" Value="COO" />
    <Setting Id="9" Name="Chief Planning Officer" Value="CPO" />
    <Setting Id="8" Name="Consultant" Value="COS" />
    <Setting Id="6" Name="Controller" Value="CON" />
    <Setting Id="29" Name="Corporate Secretary" Value="SEC" />
    <Setting Id="10" Name="Director" Value="DIR" />
    <Setting Id="12" Name="Director - Business" Value="DRB" />
    <Setting Id="13" Name="Director - Other" Value="DRO" />
    <Setting Id="11" Name="District Manager" Value="DMA" />
    <Setting Id="15" Name="Engineer" Value="ENG" />
    <Setting Id="14" Name="Executive Director" Value="EDI" />
    <Setting Id="16" Name="Executive Vice President" Value="EVP" />
    <Setting Id="17" Name="Financial Director" Value="FIN" />
    <Setting Id="18" Name="General Manager" Value="GMR" />
    <Setting Id="20" Name="Manager" Value="MGR" />
    <Setting Id="19" Name="Managing Director" Value="MGD" />
    <Setting Id="21" Name="Managing Member" Value="MM" />
    <Setting Id="22" Name="Office Staff" Value="OFC" />
    <Setting Id="23" Name="Owner" Value="OWN" />
    <Setting Id="28" Name="Partner" Value="PRT" />
    <Setting Id="25" Name="Planner" Value="PLN" />
    <Setting Id="26" Name="President" Value="PRE" />
    <Setting Id="27" Name="Principal" Value="Principal" />
    <Setting Id="24" Name="Project Director" Value="PD" />
    <Setting Id="41" Name="Project Manager" Value="PRM" />
    <Setting Id="31" Name="Senior Landscape Architect" Value="SLA" />
    <Setting Id="34" Name="Senior Manager" Value="SRM" />
    <Setting Id="33" Name="Senior Project Manager" Value="SPR" />
    <Setting Id="36" Name="Senior Vice President" Value="SVP" />
    <Setting Id="30" Name="Signatory" Value="SGN" />
    <Setting Id="32" Name="Specialist" Value="SPC" />
    <Setting Id="35" Name="Superintendent" Value="SU" />
    <Setting Id="37" Name="Treasurer" Value="TRE" />
    <Setting Id="40" Name="Vice President" Value="VPR" />
    <Setting Id="38" Name="Vice President, Finance" Value="VPF" />
    <Setting Id="39" Name="Vice President, Operations" Value="VPO" />
</ArrayOfSetting>