﻿<?xml version="1.0" encoding="utf-8"?>
<key id="86eda8ee-4427-4f54-9706-2b7f13c7eb6a" version="1">
  <creationDate>2022-01-10T22:51:26.4977937Z</creationDate>
  <activationDate>2022-01-10T22:51:26.4436087Z</activationDate>
  <expirationDate>2022-04-10T22:51:26.4436087Z</expirationDate>
  <descriptor deserializerType="Microsoft.AspNetCore.DataProtection.AuthenticatedEncryption.ConfigurationModel.AuthenticatedEncryptorDescriptorDeserializer, Microsoft.AspNetCore.DataProtection, Version=3.1.22.0, Culture=neutral, PublicKeyToken=adb9793829ddae60">
    <descriptor>
      <encryption algorithm="AES_256_CBC" />
      <validation algorithm="HMACSHA256" />
      <masterKey p4:requiresEncryption="true" xmlns:p4="http://schemas.asp.net/2015/03/dataProtection">
        <!-- Warning: the key below is in an unencrypted form. -->
        <value>n7iZXlQBnT9KBqAqH6elA2FsX+8S1d5yjQL+h4o+AmdzXoTUek8SjfygIhhYtjDApvmSu7pwAA+ZMIhRLw9KHw==</value>
      </masterKey>
    </descriptor>
  </descriptor>
</key>