﻿{
  "ProviderId": "Microsoft.VisualStudio.ConnectedService.Wcf",
  "Version": "15.0.40203.910",
  "ExtendedData": {
    "inputs": [
      "http://qawebsvc:1435/TimeSheetTrackerSVC/TimeSheetTrackerService.svc"
    ],
    "collectionTypes": [
      "System.Array",
      "System.Collections.Generic.Dictionary`2"
    ],
    "namespaceMappings": [
      "*, TimeSheetTrackerService"
    ],
    "references": [
      "Microsoft.AspNetCore.Hosting.Abstractions, {Microsoft.AspNetCore.Hosting.Abstractions, 2.0.0}",
      "Microsoft.AspNetCore.Hosting.Server.Abstractions, {Microsoft.AspNetCore.Hosting.Server.Abstractions, 2.0.0}",
      "Microsoft.AspNetCore.Http.Abstractions, {Microsoft.AspNetCore.Http.Abstractions, 2.0.0}",
      "Microsoft.AspNetCore.Http.Features, {Microsoft.AspNetCore.Http.Features, 2.0.0}",
      "Microsoft.DotNet.PlatformAbstractions, {Microsoft.DotNet.PlatformAbstractions, 2.0.4}",
      "Microsoft.Extensions.Configuration, {Microsoft.Extensions.Configuration, 3.1.6}",
      "Microsoft.Extensions.Configuration.Abstractions, {Microsoft.Extensions.Configuration.Abstractions, 3.1.6}",
      "Microsoft.Extensions.Configuration.Binder, {Microsoft.Extensions.Configuration.Binder, 3.1.6}",
      "Microsoft.Extensions.Configuration.CommandLine, {Microsoft.Extensions.Configuration.CommandLine, 3.1.6}",
      "Microsoft.Extensions.Configuration.EnvironmentVariables, {Microsoft.Extensions.Configuration.EnvironmentVariables, 3.1.6}",
      "Microsoft.Extensions.Configuration.FileExtensions, {Microsoft.Extensions.Configuration.FileExtensions, 3.1.6}",
      "Microsoft.Extensions.Configuration.Json, {Microsoft.Extensions.Configuration.Json, 3.1.6}",
      "Microsoft.Extensions.Configuration.UserSecrets, {Microsoft.Extensions.Configuration.UserSecrets, 3.1.6}",
      "Microsoft.Extensions.DependencyInjection, {Microsoft.Extensions.DependencyInjection, 3.1.6}",
      "Microsoft.Extensions.DependencyInjection.Abstractions, {Microsoft.Extensions.DependencyInjection.Abstractions, 3.1.6}",
      "Microsoft.Extensions.DependencyModel, {Microsoft.Extensions.DependencyModel, 2.0.4}",
      "Microsoft.Extensions.FileProviders.Abstractions, {Microsoft.Extensions.FileProviders.Abstractions, 3.1.6}",
      "Microsoft.Extensions.FileProviders.Physical, {Microsoft.Extensions.FileProviders.Physical, 3.1.6}",
      "Microsoft.Extensions.FileSystemGlobbing, {Microsoft.Extensions.FileSystemGlobbing, 3.1.6}",
      "Microsoft.Extensions.Hosting, {Microsoft.Extensions.Hosting, 3.1.6}",
      "Microsoft.Extensions.Hosting.Abstractions, {Microsoft.Extensions.Hosting.Abstractions, 3.1.6}",
      "Microsoft.Extensions.Hosting.WindowsServices, {Microsoft.Extensions.Hosting.WindowsServices, 3.1.6}",
      "Microsoft.Extensions.Logging, {Microsoft.Extensions.Logging, 3.1.6}",
      "Microsoft.Extensions.Logging.Abstractions, {Microsoft.Extensions.Logging.Abstractions, 3.1.6}",
      "Microsoft.Extensions.Logging.Configuration, {Microsoft.Extensions.Logging.Configuration, 3.1.6}",
      "Microsoft.Extensions.Logging.Console, {Microsoft.Extensions.Logging.Console, 3.1.6}",
      "Microsoft.Extensions.Logging.Debug, {Microsoft.Extensions.Logging.Debug, 3.1.6}",
      "Microsoft.Extensions.Logging.EventLog, {Microsoft.Extensions.Logging.EventLog, 3.1.6}",
      "Microsoft.Extensions.Logging.EventSource, {Microsoft.Extensions.Logging.EventSource, 3.1.6}",
      "Microsoft.Extensions.Options, {Microsoft.Extensions.Options, 3.1.6}",
      "Microsoft.Extensions.Options.ConfigurationExtensions, {Microsoft.Extensions.Options.ConfigurationExtensions, 3.1.6}",
      "Microsoft.Extensions.Primitives, {Microsoft.Extensions.Primitives, 3.1.6}",
      "Newtonsoft.Json, {Newtonsoft.Json, 9.0.1}",
      "Quartz, {Quartz, 3.0.7}",
      "QuartzHostedService, {QuartzHostedService, 0.0.7}",
      "Serilog, {Serilog, 2.8.0}",
      "Serilog.AspNetCore, {Serilog.AspNetCore, 3.2.0}",
      "Serilog.Enrichers.Process, {Serilog.Enrichers.Process, 2.0.1}",
      "Serilog.Enrichers.Thread, {Serilog.Enrichers.Thread, 3.1.0}",
      "Serilog.Extensions.Hosting, {Serilog.Extensions.Hosting, 3.0.0}",
      "Serilog.Extensions.Logging, {Serilog.Extensions.Logging, 3.0.1}",
      "Serilog.Formatting.Compact, {Serilog.Formatting.Compact, 1.0.0}",
      "Serilog.Settings.Configuration, {Serilog.Settings.Configuration, 3.1.0}",
      "Serilog.Sinks.Console, {Serilog.Sinks.Console, 3.1.1}",
      "Serilog.Sinks.Debug, {Serilog.Sinks.Debug, 1.0.1}",
      "Serilog.Sinks.File, {Serilog.Sinks.File, 4.0.0}",
      "System.AppContext, {System.AppContext, 4.1.0}",
      "System.Collections, {System.Collections, 4.3.0}",
      "System.Collections.NonGeneric, {System.Collections.NonGeneric, 4.3.0}",
      "System.Collections.Specialized, {System.Collections.Specialized, 4.3.0}",
      "System.ComponentModel, {System.ComponentModel, 4.3.0}",
      "System.ComponentModel.Primitives, {System.ComponentModel.Primitives, 4.3.0}",
      "System.ComponentModel.TypeConverter, {System.ComponentModel.TypeConverter, 4.3.0}",
      "System.Configuration.ConfigurationManager, {System.Configuration.ConfigurationManager, 4.5.0}",
      "System.Console, {System.Console, 4.3.0}",
      "System.Data.Common, {System.Data.Common, 4.3.0}",
      "System.Data.SqlClient, {System.Data.SqlClient, 4.5.1}",
      "System.Diagnostics.Debug, {System.Diagnostics.Debug, 4.3.0}",
      "System.Diagnostics.EventLog, {System.Diagnostics.EventLog, 4.7.0}",
      "System.Diagnostics.Process, {System.Diagnostics.Process, 4.1.0}",
      "System.Dynamic.Runtime, {System.Dynamic.Runtime, 4.0.11}",
      "System.Globalization, {System.Globalization, 4.3.0}",
      "System.IO, {System.IO, 4.3.0}",
      "System.IO.FileSystem, {System.IO.FileSystem, 4.3.0}",
      "System.IO.FileSystem.Primitives, {System.IO.FileSystem.Primitives, 4.3.0}",
      "System.Linq, {System.Linq, 4.3.0}",
      "System.Linq.Expressions, {System.Linq.Expressions, 4.1.0}",
      "System.Net.NameResolution, {System.Net.NameResolution, 4.3.0}",
      "System.Net.Primitives, {System.Net.Primitives, 4.3.0}",
      "System.ObjectModel, {System.ObjectModel, 4.0.12}",
      "System.Reflection, {System.Reflection, 4.3.0}",
      "System.Reflection.Extensions, {System.Reflection.Extensions, 4.3.0}",
      "System.Reflection.Primitives, {System.Reflection.Primitives, 4.3.0}",
      "System.Resources.ResourceManager, {System.Resources.ResourceManager, 4.3.0}",
      "System.Runtime, {System.Runtime, 4.3.0}",
      "System.Runtime.Extensions, {System.Runtime.Extensions, 4.3.0}",
      "System.Runtime.Handles, {System.Runtime.Handles, 4.3.0}",
      "System.Runtime.InteropServices, {System.Runtime.InteropServices, 4.3.0}",
      "System.Runtime.InteropServices.RuntimeInformation, {System.Runtime.InteropServices.RuntimeInformation, 4.3.0}",
      "System.Runtime.Serialization.Primitives, {System.Runtime.Serialization.Primitives, 4.3.0}",
      "System.Runtime.Serialization.Xml, {System.Runtime.Serialization.Xml, 4.3.0}",
      "System.Security.AccessControl, {System.Security.AccessControl, 4.7.0}",
      "System.Security.Permissions, {System.Security.Permissions, 4.5.0}",
      "System.Security.Principal.Windows, {System.Security.Principal.Windows, 4.7.0}",
      "System.ServiceProcess.ServiceController, {System.ServiceProcess.ServiceController, 4.7.0}",
      "System.Text.Encoding, {System.Text.Encoding, 4.3.0}",
      "System.Text.Encoding.Extensions, {System.Text.Encoding.Extensions, 4.3.0}",
      "System.Text.Encodings.Web, {System.Text.Encodings.Web, 4.4.0}",
      "System.Text.RegularExpressions, {System.Text.RegularExpressions, 4.3.0}",
      "System.Threading, {System.Threading, 4.3.0}",
      "System.Threading.Tasks, {System.Threading.Tasks, 4.3.0}",
      "System.Threading.Thread, {System.Threading.Thread, 4.3.0}",
      "System.Threading.Timer, {System.Threading.Timer, 4.0.1}",
      "System.Xml.ReaderWriter, {System.Xml.ReaderWriter, 4.3.0}",
      "System.Xml.XDocument, {System.Xml.XDocument, 4.3.0}",
      "System.Xml.XmlSerializer, {System.Xml.XmlSerializer, 4.3.0}"
    ],
    "sync": true,
    "targetFramework": "netcoreapp3.1",
    "typeReuseMode": "All"
  }
}